<?xml version="1.0" encoding="UTF-8"?>
<con:soapui-project id="39c659e7-1e66-4656-a987-084f71fc681a" activeEnvironment="Default" name="AARP-DPPO" soapui-version="5.2.1" abortOnError="false" runType="SEQUENTIAL" resourceRoot="" xmlns:con="http://eviware.com/soapui/config"><con:settings><con:setting id="com.eviware.soapui.impl.wsdl.actions.iface.tools.soapui.TestRunnerAction@values-local"><![CDATA[<xml-fragment xmlns:con="http://eviware.com/soapui/config">
  <con:entry key="Environment" value="Default"/>
  <con:entry key="Global Properties" value=""/>
  <con:entry key="TestSuite" value="&lt;all>"/>
  <con:entry key="Password" value=""/>
  <con:entry key="TestRunner Path" value=""/>
  <con:entry key="Tool Args" value=""/>
  <con:entry key="Ignore Errors" value="false"/>
  <con:entry key="Host:Port" value=""/>
  <con:entry key="user-settings.xml Password" value=""/>
  <con:entry key="WSS Password Type" value=""/>
  <con:entry key="Save Project" value="false"/>
  <con:entry key="Enable UI" value="false"/>
  <con:entry key="System Properties" value=""/>
  <con:entry key="Domain" value=""/>
  <con:entry key="Coverage Report" value="false"/>
  <con:entry key="Export JUnit Results" value="false"/>
  <con:entry key="Export JUnit Results with test properties" value="false"/>
  <con:entry key="Open Report" value="false"/>
  <con:entry key="Project Properties" value=""/>
  <con:entry key="Export All" value="true"/>
  <con:entry key="Project Password" value=""/>
  <con:entry key="Report Format(s)" value=""/>
  <con:entry key="TestCase" value="&lt;all>"/>
  <con:entry key="Print Report" value="false"/>
  <con:entry key="Username" value=""/>
  <con:entry key="Root Folder" value="C:\SOFTWARE\SoapUI\Results"/>
  <con:entry key="Select Report Type" value=""/>
  <con:entry key="Save After" value="false"/>
  <con:entry key="Add Settings" value="false"/>
  <con:entry key="Endpoint" value=""/>
</xml-fragment>]]></con:setting></con:settings><con:interface xsi:type="con:RestService" id="43e2887e-a398-4e99-b949-583f68b684b2" wadlVersion="http://wadl.dev.java.net/2009/02" name="https://aw-lx0193:8243" type="rest" xmlns:xsi="http://www.w3.org/2001/XMLSchema-instance"><con:settings/><con:definitionCache type="TEXT" rootPart=""/><con:endpoints><con:endpoint>https://aw-lx0193:8243</con:endpoint></con:endpoints><con:resource name="Search" path="/api/cx/acquisitionAndRenewal/buying/v1.0/quotes/search" id="2d748970-8968-4ac5-829e-73aa3f253c48"><con:settings/><con:parameters/><con:method name="Search" id="79fab3fd-6211-4a09-af8f-71d0a14a99ff" method="POST"><con:settings/><con:parameters/><con:representation type="REQUEST"><con:mediaType>application/json</con:mediaType><con:params/></con:representation><con:representation type="RESPONSE"><con:mediaType>application/json;charset=UTF-8</con:mediaType><con:status>200</con:status><con:params/><con:element>Response</con:element></con:representation><con:request name="Request 1" id="48c79456-c2ed-4c45-8e45-c0704bd1c34d" mediaType="application/json" postQueryString="false"><con:settings><con:setting id="com.eviware.soapui.impl.wsdl.WsdlRequest@request-headers">&lt;xml-fragment/></con:setting></con:settings><con:endpoint>https://aw-lx0193:8243</con:endpoint><con:request>{"zipCode":"73301","issuerCode":"AARP","coverageType":"Self","coverageStartDate":"2018-12-01"}

</con:request><con:originalUri>https://aw-lx0193/api/cx/acquisitionAndRenewal/buying/v1.0/quotes/search</con:originalUri><con:credentials><con:authType>No Authorization</con:authType></con:credentials><con:jmsConfig JMSDeliveryMode="PERSISTENT"/><con:jmsPropertyConfig/><con:parameters/></con:request></con:method></con:resource><con:resource name="enroll" path="/api/cx/acquisitionAndRenewal/buying/v1.0/application/enroll" id="8067238c-6d9a-4efc-a4ca-6fb2e2e49ff6"><con:settings/><con:parameters/><con:method name="Method 1" id="ce795239-7664-40d1-b6f6-d8a3837803ef" method="POST"><con:settings/><con:parameters/><con:representation type="RESPONSE"><con:mediaType>application/json;charset=UTF-8</con:mediaType><con:status>200</con:status><con:params/><con:element xmlns:enr="https://aw-lx0193/api/cx/acquisitionAndRenewal/buying/v1.0/application/enroll">enr:Response</con:element></con:representation><con:representation type="REQUEST"><con:mediaType>application/json</con:mediaType><con:params/></con:representation><con:request name="Request 1" id="11d50c06-e2bb-4d35-b16d-d607abfce295" mediaType="application/json" postQueryString="false"><con:settings><con:setting id="com.eviware.soapui.impl.wsdl.WsdlRequest@request-headers">&lt;xml-fragment/></con:setting></con:settings><con:endpoint>https://aw-lx0193:8243</con:endpoint><con:request>{
	"zipCode":"94105",
	"issuerCode":"DELTA",
	"coverageType":"Self",
	"coverageStartDate":"2018-06-01",
	"planIds":"70424"
	}
</con:request><con:credentials><con:authType>No Authorization</con:authType></con:credentials><con:jmsConfig JMSDeliveryMode="PERSISTENT"/><con:jmsPropertyConfig/><con:parameters/></con:request></con:method></con:resource><con:resource name="applicant-broker" path="/api/cx/acquisitionAndRenewal/buying/v1.0/application/{appId}/update/applicant-broker" id="ce288bf3-b9b8-460a-ace0-8a5075961ce5"><con:settings/><con:parameters><con:parameter><con:name>appId</con:name><con:value>appId</con:value><con:style>TEMPLATE</con:style><con:default>appId</con:default></con:parameter></con:parameters><con:method name="Method 1" id="32a5aa5e-cd46-46ed-bfc6-7e57329c9fa9" method="POST"><con:settings/><con:parameters/><con:representation type="REQUEST"><con:mediaType>application/json</con:mediaType><con:params/></con:representation><con:representation type="FAULT"><con:mediaType>application/json;charset=UTF-8</con:mediaType><con:status>500 400</con:status><con:params/><con:element xmlns:app="https://aw-lx0193/api/cx/acquisitionAndRenewal/buying/v1.0/application/appId/update/applicant-broker">app:Fault</con:element></con:representation><con:representation type="FAULT"><con:mediaType xsi:nil="true"/><con:status>400</con:status><con:params/><con:element>data</con:element></con:representation><con:representation type="RESPONSE"><con:mediaType>application/json;charset=UTF-8</con:mediaType><con:status>200</con:status><con:params/><con:element xmlns:app="https://aw-lx0193/api/cx/acquisitionAndRenewal/buying/v1.0/application/appId/update/applicant-broker">app:Response</con:element></con:representation><con:request name="Request 1" id="ec8e8a38-0ac1-400c-b886-2632852641a0" mediaType="application/json" postQueryString="false"><con:settings><con:setting id="com.eviware.soapui.impl.wsdl.WsdlRequest@request-headers">&lt;xml-fragment/></con:setting></con:settings><con:endpoint>https://aw-lx0193:8243</con:endpoint><con:request>{
  "applicant": {
    "firstName": "Manjunath",
    "lastName": "Krotha",
    "contactNumber": "444-444-4444",
    "contactType": "Cell",
    "email": "raj@gmail.com",
    "disabled": false,
    "birthDate": "1987-05-06",
    "address": {
      "streetAddress": "35995 Fremont Blvd Apt 29",
      "zipCode": "94903",
      "stateCode": "CA",
      "city": "Fremont"
    },
    "mailingAddressDifferent": false,
    "ssn": "444-44-4444",
    "gender": "Male",
    "planEOCDocumentProcuredBy": "email"
  }
}</con:request><con:originalUri>https://aw-lx0193/api/cx/acquisitionAndRenewal/buying/v1.0/application/appId/update/applicant-broker</con:originalUri><con:credentials><con:authType>No Authorization</con:authType></con:credentials><con:jmsConfig JMSDeliveryMode="PERSISTENT"/><con:jmsPropertyConfig/><con:parameters/></con:request></con:method></con:resource><con:resource name="pcp-info" path="/api/cx/acquisitionAndRenewal/buying/v1.0/application/{appId}/applicant/update/pcp-info" id="f565195d-7d28-424c-bf2a-e59d37b6d7a8"><con:settings/><con:parameters><con:parameter><con:name>appId</con:name><con:value>appId</con:value><con:style>TEMPLATE</con:style><con:default>appId</con:default></con:parameter><con:parameter><con:name>facilityId</con:name><con:value>4908608</con:value><con:style>QUERY</con:style><con:default>4908608</con:default></con:parameter></con:parameters><con:method name="Method 1" id="62759fc3-5627-44af-bcf6-dfa6b174bd9d" method="GET"><con:settings/><con:parameters/><con:representation type="FAULT"><con:mediaType>application/xml; charset=UTF-8</con:mediaType><con:status>404</con:status><con:params/><con:element xmlns:apim="http://wso2.org/apimanager">apim:fault</con:element></con:representation><con:request name="Request 1" id="8984a938-b395-4d30-9a34-9b9462a923d3" mediaType="application/json"><con:settings/><con:endpoint>https://aw-lx0193:8243</con:endpoint><con:request/><con:credentials><con:authType>No Authorization</con:authType></con:credentials><con:jmsConfig JMSDeliveryMode="PERSISTENT"/><con:jmsPropertyConfig/><con:parameters/></con:request></con:method></con:resource><con:resource name="purchase" path="/api/cx/acquisitionAndRenewal/buying/v1.0/application/{appId}/purchase" id="ae20b68c-7a05-41e0-8577-a949f55b4c09"><con:settings/><con:parameters><con:parameter><con:name>appId</con:name><con:value>appId</con:value><con:style>TEMPLATE</con:style><con:default>appId</con:default></con:parameter></con:parameters><con:method name="Method 1" id="703576fc-fdec-4218-af0f-7599d3045715" method="POST"><con:settings/><con:parameters/><con:representation type="FAULT"><con:mediaType>application/json</con:mediaType><con:status>500</con:status><con:params/><con:element xmlns:pur="https://aw-lx0193/api/cx/acquisitionAndRenewal/buying/v1.0/application/appId/purchase">pur:Fault</con:element></con:representation><con:representation type="REQUEST"><con:mediaType>application/json</con:mediaType><con:params/></con:representation><con:representation type="FAULT"><con:mediaType xsi:nil="true"/><con:status>400</con:status><con:params/><con:element>data</con:element></con:representation><con:representation type="FAULT"><con:mediaType xsi:nil="true"/><con:status>400</con:status><con:params/><con:element>data</con:element></con:representation><con:representation type="RESPONSE"><con:mediaType>application/json</con:mediaType><con:status>200</con:status><con:params/><con:element xmlns:pur="https://aw-lx0193/api/cx/acquisitionAndRenewal/buying/v1.0/application/appId/purchase">pur:Response</con:element></con:representation><con:request name="Request 1" id="09baf3df-1bd1-4b89-95bf-53d78c4577b0" mediaType="application/json" postQueryString="false"><con:settings><con:setting id="com.eviware.soapui.impl.wsdl.WsdlRequest@request-headers">&lt;xml-fragment/></con:setting></con:settings><con:endpoint>https://aw-lx0193:8243</con:endpoint><con:request>"{
  ""cardOnFile"": false,
  ""paymentAuthorization"": true,
  ""paymentInfo"": {
    ""initialPaymentType"": ""CREDITCARD"",
    ""paymentFrequency"": ""ANNUAL"",
    ""recurringPaymentType"": ""CREDITCARD"",
    ""creditCardDetail"": {
      ""cardHolderName"": ""Manjunath"",
      ""cvvNumber"": ""123"",
      ""expiryMonth"": ""12"",
      ""expiryYear"": ""2019"",
      ""number"": ""4111111111111111"",
      ""type"": ""VISA"",
      ""address"": {
        ""address"": ""100 1st St Rivoli Pleasanton"",
        ""city"": ""San Francisco"",
        ""stateCode"": ""CA"",
        ""zip"": ""94903""
      }
    }
  }
}"
</con:request><con:originalUri>https://aw-lx0193/api/cx/acquisitionAndRenewal/buying/v1.0/application/appId/purchase</con:originalUri><con:credentials><con:authType>No Authorization</con:authType></con:credentials><con:jmsConfig JMSDeliveryMode="PERSISTENT"/><con:jmsPropertyConfig/><con:parameters/></con:request></con:method></con:resource><con:resource name="app-info" path="/api/cx/acquisitionAndRenewal/buying/v1.0/application/{appId}/app-info" id="c8ef43cd-00a3-431b-a8f0-533b4926b349"><con:settings/><con:parameters><con:parameter><con:name>appId</con:name><con:value>appId</con:value><con:style>TEMPLATE</con:style><con:default>appId</con:default></con:parameter></con:parameters><con:method name="Method 1" id="d7842e35-f9a6-4aec-8f20-1bed06fcc37d" method="GET"><con:settings/><con:parameters/><con:request name="Request 1" id="b8c32314-a700-4a36-82f5-7cc4eb654ca8" mediaType="application/json"><con:settings/><con:endpoint>https://aw-lx0193:8243</con:endpoint><con:request/><con:credentials><con:authType>No Authorization</con:authType></con:credentials><con:jmsConfig JMSDeliveryMode="PERSISTENT"/><con:jmsPropertyConfig/><con:parameters/></con:request></con:method></con:resource><con:resource name="broker " path="/api/cx/acquisitionAndRenewal/buying/v1.0/applicant/v1/{appId}/broker " id="9d17bfa9-21da-4a75-ba8f-39d22b72bf8e"><con:settings/><con:parameters><con:parameter><con:name>appId</con:name><con:value>appId</con:value><con:style>TEMPLATE</con:style><con:default>appId</con:default></con:parameter></con:parameters><con:method name="Method 1" id="3a0283b1-2801-43cc-a43d-0a4f413bb60a" method="GET"><con:settings/><con:parameters/><con:request name="Request 1" id="b1ad12b1-4bbe-4862-87de-31b497417ad5" mediaType="application/json"><con:settings/><con:endpoint>https://aw-lx0193:8243</con:endpoint><con:request/><con:credentials><con:authType>No Authorization</con:authType></con:credentials><con:jmsConfig JMSDeliveryMode="PERSISTENT"/><con:jmsPropertyConfig/><con:parameters/></con:request></con:method></con:resource><con:resource name="all " path="/api/cx/acquisitionAndRenewal/buying/v1.0/applicant/v1/{appId}/applicant/all " id="3ac3d766-79e1-4154-8d5e-398f3c5679d3"><con:settings/><con:parameters><con:parameter><con:name>appId</con:name><con:value>appId</con:value><con:style>TEMPLATE</con:style><con:default>appId</con:default></con:parameter></con:parameters><con:method name="Method 1" id="399c4a56-16f4-4153-8feb-82441e805a6c" method="GET"><con:settings/><con:parameters/><con:request name="Request 1" id="d4b27b5b-4acb-4bea-9a96-00f1d01722d8" mediaType="application/json"><con:settings/><con:endpoint>https://aw-lx0193:8243</con:endpoint><con:request/><con:credentials><con:authType>No Authorization</con:authType></con:credentials><con:jmsConfig JMSDeliveryMode="PERSISTENT"/><con:jmsPropertyConfig/><con:parameters/></con:request></con:method></con:resource><con:resource name="pcp" path="/api/cx/acquisitionAndRenewal/buying/v1.0/applicant/v1/{appId}/applicant/pcp" id="00195084-ca35-4c1f-b4e6-aa76469b1f4c"><con:settings/><con:parameters><con:parameter><con:name>appId</con:name><con:value>appId</con:value><con:style>TEMPLATE</con:style><con:default>appId</con:default></con:parameter></con:parameters><con:method name="Method 1" id="79c185e5-5c5f-42cb-a676-f7ab3f9c46d3" method="GET"><con:settings/><con:parameters/><con:request name="Request 1" id="ac226b62-8261-4507-8abf-1329843a4855" mediaType="application/json"><con:settings/><con:endpoint>https://aw-lx0193:8243</con:endpoint><con:request/><con:credentials><con:authType>No Authorization</con:authType></con:credentials><con:jmsConfig JMSDeliveryMode="PERSISTENT"/><con:jmsPropertyConfig/><con:parameters/></con:request></con:method></con:resource></con:interface><con:testSuite id="1c624d03-67d3-46e1-af03-4d0d38b6118d" name="E2EFlows"><con:description>TestSuite generated for REST Service [https://aw-lx0193:8243]</con:description><con:settings/><con:runType>SEQUENTIAL</con:runType><con:testCase id="5a30e3b4-0cbe-43b4-ad49-e01b0373234c" failOnError="true" failTestCaseOnErrors="true" keepSession="false" maxResults="0" name="https://aw-lx0193:8243 TestSuite" searchProperties="true"><con:settings/><con:testStep type="restrequest" name="Search" id="7726bbd2-72b2-423f-b5ac-f3b3cee9aaaa"><con:settings/><con:config service="https://aw-lx0193:8243" resourcePath="/api/cx/acquisitionAndRenewal/buying/v1.0/quotes/search" methodName="Search" xsi:type="con:RestRequestStep" xmlns:xsi="http://www.w3.org/2001/XMLSchema-instance"><con:restRequest name="Search" id="48c79456-c2ed-4c45-8e45-c0704bd1c34d" mediaType="application/json" postQueryString="false"><con:settings><con:setting id="com.eviware.soapui.impl.wsdl.WsdlRequest@request-headers">&lt;xml-fragment/></con:setting></con:settings><con:endpoint>https://aw-lx0193:8243</con:endpoint><con:request>{
	"zipCode":"73301",
	"issuerCode":"AARP",
	"coverageType":"Self",
	"coverageStartDate":"2018-12-01"
	}

</con:request><con:originalUri>https://aw-lx0193/api/cx/acquisitionAndRenewal/buying/v1.0/quotes/search</con:originalUri><con:assertion type="Simple Contains" id="ddbb4fa8-d409-4bf5-bbe3-d198299a170b" name="ID"><con:configuration><token>(?s).*id.*</token><ignoreCase>false</ignoreCase><useRegEx>true</useRegEx></con:configuration></con:assertion><con:assertion type="Simple Contains" id="ddbb4fa8-d409-4bf5-bbe3-d198299a170b" name="Planname"><con:configuration><token>(?s).*planName.*</token><ignoreCase>false</ignoreCase><useRegEx>true</useRegEx></con:configuration></con:assertion><con:assertion type="Simple Contains" id="ddbb4fa8-d409-4bf5-bbe3-d198299a170b" name="Active"><con:configuration><token>(?s).*active.*</token><ignoreCase>false</ignoreCase><useRegEx>true</useRegEx></con:configuration></con:assertion><con:assertion type="Simple Contains" id="ddbb4fa8-d409-4bf5-bbe3-d198299a170b" name="ActiveFrom"><con:configuration><token>(?s).*activeFrom.*</token><ignoreCase>false</ignoreCase><useRegEx>true</useRegEx></con:configuration></con:assertion><con:assertion type="Simple Contains" id="ddbb4fa8-d409-4bf5-bbe3-d198299a170b" name="ActiveTo"><con:configuration><token>(?s).*activeTo.*</token><ignoreCase>false</ignoreCase><useRegEx>true</useRegEx></con:configuration></con:assertion><con:assertion type="Simple Contains" id="ddbb4fa8-d409-4bf5-bbe3-d198299a170b" name="ProductType"><con:configuration><token>(?s).*productType.*</token><ignoreCase>false</ignoreCase><useRegEx>true</useRegEx></con:configuration></con:assertion><con:assertion type="Simple Contains" id="ddbb4fa8-d409-4bf5-bbe3-d198299a170b" name="Plan"><con:configuration><token>(?s).*plan.*</token><ignoreCase>false</ignoreCase><useRegEx>true</useRegEx></con:configuration></con:assertion><con:assertion type="Simple Contains" id="ddbb4fa8-d409-4bf5-bbe3-d198299a170b" name="PlanCode"><con:configuration><token>(?s).*planCode.*</token><ignoreCase>false</ignoreCase><useRegEx>true</useRegEx></con:configuration></con:assertion><con:assertion type="Simple Contains" id="ddbb4fa8-d409-4bf5-bbe3-d198299a170b" name="Total Premium"><con:configuration><token>(?s).*totalPremium.*</token><ignoreCase>false</ignoreCase><useRegEx>true</useRegEx></con:configuration></con:assertion><con:assertion type="Simple Contains" id="ddbb4fa8-d409-4bf5-bbe3-d198299a170b" name="Quote"><con:configuration><token>(?s).*quote.*</token><ignoreCase>false</ignoreCase><useRegEx>true</useRegEx></con:configuration></con:assertion><con:assertion type="Simple Contains" id="ddbb4fa8-d409-4bf5-bbe3-d198299a170b" name="Premium"><con:configuration><token>(?s).*premium.*</token><ignoreCase>false</ignoreCase><useRegEx>true</useRegEx></con:configuration></con:assertion><con:credentials><con:authType>No Authorization</con:authType></con:credentials><con:jmsConfig JMSDeliveryMode="PERSISTENT"/><con:jmsPropertyConfig/><con:parameters/></con:restRequest></con:config></con:testStep><con:testStep type="restrequest" name="enroll" id="1c8ebfde-0a92-4277-98f8-1ad9b3d5468c"><con:settings/><con:config service="https://aw-lx0193:8243" resourcePath="/api/cx/acquisitionAndRenewal/buying/v1.0/application/enroll" methodName="Method 1" xsi:type="con:RestRequestStep" xmlns:xsi="http://www.w3.org/2001/XMLSchema-instance"><con:restRequest name="enroll" id="11d50c06-e2bb-4d35-b16d-d607abfce295" mediaType="application/json" postQueryString="false"><con:settings><con:setting id="com.eviware.soapui.impl.wsdl.WsdlRequest@request-headers">&lt;xml-fragment/></con:setting></con:settings><con:endpoint>https://aw-lx0193:8243</con:endpoint><con:request>{
	"zipCode":"94105",
	"issuerCode":"DELTA",
	"coverageType":"Self",
	"coverageStartDate":"2018-06-01",
	"planIds":"70424"
	}
</con:request><con:originalUri>https://aw-lx0193/api/cx/acquisitionAndRenewal/buying/v1.0/application/enroll</con:originalUri><con:assertion type="Simple Contains" id="98d597a6-d6d4-4a6c-8c55-38ccaae3e159" name="PlanID"><con:configuration><token>(?s).*id.*</token><ignoreCase>false</ignoreCase><useRegEx>true</useRegEx></con:configuration></con:assertion><con:assertion type="Simple Contains" id="98d597a6-d6d4-4a6c-8c55-38ccaae3e159" name="AppId"><con:configuration><token>(?s).*appId.*</token><ignoreCase>false</ignoreCase><useRegEx>true</useRegEx></con:configuration></con:assertion><con:assertion type="Simple Contains" id="98d597a6-d6d4-4a6c-8c55-38ccaae3e159" name="ZipCode"><con:configuration><token>(?s).*zipCode.*</token><ignoreCase>false</ignoreCase><useRegEx>true</useRegEx></con:configuration></con:assertion><con:assertion type="Simple Contains" id="98d597a6-d6d4-4a6c-8c55-38ccaae3e159" name="issuerCode"><con:configuration><token>(?s).*issuerCode.*</token><ignoreCase>false</ignoreCase><useRegEx>true</useRegEx></con:configuration></con:assertion><con:assertion type="Simple Contains" id="98d597a6-d6d4-4a6c-8c55-38ccaae3e159" name="StateCode"><con:configuration><token>(?s).*stateCode.*</token><ignoreCase>false</ignoreCase><useRegEx>true</useRegEx></con:configuration></con:assertion><con:assertion type="Simple Contains" id="98d597a6-d6d4-4a6c-8c55-38ccaae3e159" name="CoverageStartDate"><con:configuration><token>(?s).*coverageStartDate.*</token><ignoreCase>false</ignoreCase><useRegEx>true</useRegEx></con:configuration></con:assertion><con:assertion type="Simple Contains" id="98d597a6-d6d4-4a6c-8c55-38ccaae3e159" name="CoverageType"><con:configuration><token>(?s).*coverageType.*</token><ignoreCase>false</ignoreCase><useRegEx>true</useRegEx></con:configuration></con:assertion><con:assertion type="Simple Contains" id="98d597a6-d6d4-4a6c-8c55-38ccaae3e159" name="CreatedDate"><con:configuration><token>(?s).*createdDate.*</token><ignoreCase>false</ignoreCase><useRegEx>true</useRegEx></con:configuration></con:assertion><con:assertion type="Simple Contains" id="98d597a6-d6d4-4a6c-8c55-38ccaae3e159" name="status"><con:configuration><token>(?s).*status.*</token><ignoreCase>false</ignoreCase><useRegEx>true</useRegEx></con:configuration></con:assertion><con:credentials><con:authType>No Authorization</con:authType></con:credentials><con:jmsConfig JMSDeliveryMode="PERSISTENT"/><con:jmsPropertyConfig/><con:parameters/></con:restRequest></con:config></con:testStep><con:testStep type="transfer" name="AppId to add Broker" id="18895a8e-b5e2-443a-b65f-e99d774ea970"><con:settings/><con:config xsi:type="con:PropertyTransfersStep" xmlns:xsi="http://www.w3.org/2001/XMLSchema-instance"><con:transfers setNullOnMissingSource="true" transferTextContent="true" failOnError="true" ignoreEmpty="false" transferToAll="false" entitize="false" transferChildNodes="false"><con:name>appID</con:name><con:sourceType>Response</con:sourceType><con:sourceStep>enroll</con:sourceStep><con:sourcePath>appId</con:sourcePath><con:targetType>appId</con:targetType><con:targetStep>applicant-broker</con:targetStep><con:targetPath/><con:type>JSONPATH</con:type><con:targetTransferType>JSONPATH</con:targetTransferType><con:upgraded>true</con:upgraded></con:transfers></con:config></con:testStep><con:testStep type="restrequest" name="applicant-broker" id="28edfef0-abbd-4834-bccb-fd1dd20ee52d"><con:settings/><con:config service="https://aw-lx0193:8243" resourcePath="/api/cx/acquisitionAndRenewal/buying/v1.0/application/{appId}/update/applicant-broker" methodName="Method 1" xsi:type="con:RestRequestStep" xmlns:xsi="http://www.w3.org/2001/XMLSchema-instance"><con:restRequest name="applicant-broker" id="ec8e8a38-0ac1-400c-b886-2632852641a0" mediaType="application/json" postQueryString="false"><con:settings><con:setting id="com.eviware.soapui.impl.wsdl.WsdlRequest@request-headers">&lt;xml-fragment/></con:setting></con:settings><con:endpoint>https://aw-lx0193:8243</con:endpoint><con:request>{
  "applicant": {
    "firstName": "Manjunath",
    "lastName": "Krotha",
    "contactNumber": "444-444-4444",
    "contactType": "Cell",
    "email": "raj@gmail.com",
    "disabled": false,
    "birthDate": "1987-05-06",
    "address": {
      "streetAddress": "35995 Fremont Blvd Apt 29",
      "zipCode": "94903",
      "stateCode": "CA",
      "city": "Fremont"
    },
    "mailingAddressDifferent": false,
    "ssn": "444-44-4444",
    "gender": "Male",
    "planEOCDocumentProcuredBy": "email"
  },
  "brokerDetails": {
  	"number": "201280"
  	
  	}
}</con:request><con:originalUri>https://aw-lx0193/api/cx/acquisitionAndRenewal/buying/v1.0/application/appId/update/applicant-broker</con:originalUri><con:assertion type="Simple Contains" id="6eb3b74a-784b-4d8e-bde9-3994847a1a04" name="ID"><con:configuration><token>(?s).*id.*</token><ignoreCase>false</ignoreCase><useRegEx>true</useRegEx></con:configuration></con:assertion><con:assertion type="Simple Contains" id="6eb3b74a-784b-4d8e-bde9-3994847a1a04" name="appId"><con:configuration><token>(?s).*appId.*</token><ignoreCase>false</ignoreCase><useRegEx>true</useRegEx></con:configuration></con:assertion><con:assertion type="Simple Contains" id="6eb3b74a-784b-4d8e-bde9-3994847a1a04" name="BrokerDetails"><con:configuration><token>(?s).*brokerDetails.*</token><ignoreCase>false</ignoreCase><useRegEx>true</useRegEx></con:configuration></con:assertion><con:credentials><con:authType>No Authorization</con:authType></con:credentials><con:jmsConfig JMSDeliveryMode="PERSISTENT"/><con:jmsPropertyConfig/><con:parameters><entry key="appId" value="4973878" xmlns="http://eviware.com/soapui/config"/></con:parameters></con:restRequest></con:config></con:testStep><con:testStep type="transfer" name="AppId to select Facilities" id="5dbd1dd7-465e-4d2c-8172-2d35558d25ac"><con:settings/><con:config xsi:type="con:PropertyTransfersStep" xmlns:xsi="http://www.w3.org/2001/XMLSchema-instance"><con:transfers setNullOnMissingSource="true" transferTextContent="true" failOnError="true" ignoreEmpty="false" transferToAll="false" entitize="false" transferChildNodes="false"><con:name>appId</con:name><con:sourceType>Response</con:sourceType><con:sourceStep>enroll</con:sourceStep><con:sourcePath>appId</con:sourcePath><con:targetType>appId</con:targetType><con:targetStep>pcp-info</con:targetStep><con:type>JSONPATH</con:type><con:targetTransferType>JSONPATH</con:targetTransferType><con:upgraded>true</con:upgraded></con:transfers></con:config></con:testStep><con:testStep type="restrequest" name="pcp-info" id="c71702d7-6be0-4a47-ae74-d7ff77578230" disabled="true"><con:settings/><con:config service="https://aw-lx0193:8243" resourcePath="/api/cx/acquisitionAndRenewal/buying/v1.0/application/{appId}/applicant/update/pcp-info" methodName="Method 1" xsi:type="con:RestRequestStep" xmlns:xsi="http://www.w3.org/2001/XMLSchema-instance"><con:restRequest name="pcp-info" id="8984a938-b395-4d30-9a34-9b9462a923d3" mediaType="application/json"><con:settings><con:setting id="com.eviware.soapui.impl.wsdl.WsdlRequest@request-headers">&lt;xml-fragment/></con:setting></con:settings><con:endpoint>https://aw-lx0193:8243</con:endpoint><con:request>4973558</con:request><con:originalUri>https://aw-lx0193/api/cx/acquisitionAndRenewal/buying/v1.0/application/appId/applicant/update/pcp-info</con:originalUri><con:assertion type="Simple Contains" id="92c44e2e-4bc2-411e-9dde-313def6e32f6" name="FacilityId"><con:configuration><token>(?s).*facilityId.*</token><ignoreCase>false</ignoreCase><useRegEx>true</useRegEx></con:configuration></con:assertion><con:assertion type="Simple Contains" id="92c44e2e-4bc2-411e-9dde-313def6e32f6" name="FacilityName"><con:configuration><token>(?s).*facilityName.*</token><ignoreCase>false</ignoreCase><useRegEx>true</useRegEx></con:configuration></con:assertion><con:credentials><con:authType>No Authorization</con:authType></con:credentials><con:jmsConfig JMSDeliveryMode="PERSISTENT"/><con:jmsPropertyConfig/><con:parameters>
  <con:entry key="appId" value="4973878"/>
  <con:entry key="facilityId" value="DC220751"/>
</con:parameters></con:restRequest></con:config></con:testStep><con:testStep type="transfer" name="AppId to Purchase" id="3c25e044-7555-470a-bf15-dad04eb1e6ec"><con:settings/><con:config xsi:type="con:PropertyTransfersStep" xmlns:xsi="http://www.w3.org/2001/XMLSchema-instance"><con:transfers setNullOnMissingSource="true" transferTextContent="true" failOnError="true" ignoreEmpty="false" transferToAll="false" entitize="false" transferChildNodes="false"><con:name>appID</con:name><con:sourceType>Response</con:sourceType><con:sourceStep>enroll</con:sourceStep><con:sourcePath>appId</con:sourcePath><con:targetType>appId</con:targetType><con:targetStep>purchase</con:targetStep><con:type>JSONPATH</con:type><con:targetTransferType>JSONPATH</con:targetTransferType><con:upgraded>true</con:upgraded></con:transfers></con:config></con:testStep><con:testStep type="restrequest" name="purchase" id="1fb9dd68-6018-4e1c-9633-15593fa10447"><con:settings/><con:config service="https://aw-lx0193:8243" resourcePath="/api/cx/acquisitionAndRenewal/buying/v1.0/application/{appId}/purchase" methodName="Method 1" xsi:type="con:RestRequestStep" xmlns:xsi="http://www.w3.org/2001/XMLSchema-instance"><con:restRequest name="purchase" id="09baf3df-1bd1-4b89-95bf-53d78c4577b0" mediaType="application/json" postQueryString="false"><con:settings><con:setting id="com.eviware.soapui.impl.wsdl.WsdlRequest@request-headers">&lt;xml-fragment/></con:setting></con:settings><con:endpoint>https://aw-lx0193:8243</con:endpoint><con:request>{
  "cardOnFile": false,
  "paymentAuthorization": true,
  "paymentInfo": {
    "initialPaymentType": "CREDITCARD",
    "paymentFrequency": "ANNUAL",
    "recurringPaymentType": "CREDITCARD",
    "creditCardDetail": {
      "cardHolderName": "Manjunath",
      "cvvNumber": "123",
      "expiryMonth": "12",
      "expiryYear": "2019",
      "number": "4111111111111111",
      "type": "VISA",
      "address": {
        "address": "100 1st St Rivoli Pleasanton",
        "city": "San Francisco",
        "stateCode": "CA",
        "zip": "94903"
      }
    }
  }
}
</con:request><con:originalUri>https://aw-lx0193/api/cx/acquisitionAndRenewal/buying/v1.0/application/appId/purchase</con:originalUri><con:assertion type="Simple Contains" id="ee05317b-350e-4530-9fdd-4fb276fe442b" name="Contains"><con:configuration><token>(?s).*status.*</token><ignoreCase>false</ignoreCase><useRegEx>true</useRegEx></con:configuration></con:assertion><con:assertion type="Simple Contains" id="ee05317b-350e-4530-9fdd-4fb276fe442b" name="ReceiptNumber"><con:configuration><token>(?s).*receiptNumber.*</token><ignoreCase>false</ignoreCase><useRegEx>true</useRegEx></con:configuration></con:assertion><con:assertion type="Simple Contains" id="ee05317b-350e-4530-9fdd-4fb276fe442b" name="Guid"><con:configuration><token>(?s).*guid.*</token><ignoreCase>false</ignoreCase><useRegEx>true</useRegEx></con:configuration></con:assertion><con:assertion type="Simple Contains" id="ee05317b-350e-4530-9fdd-4fb276fe442b" name="Token"><con:configuration><token>(?s).*token.*</token><ignoreCase>false</ignoreCase><useRegEx>true</useRegEx></con:configuration></con:assertion><con:assertion type="Simple Contains" id="ee05317b-350e-4530-9fdd-4fb276fe442b" name="TransactionDate"><con:configuration><token>(?s).*transactionDate.*</token><ignoreCase>false</ignoreCase><useRegEx>true</useRegEx></con:configuration></con:assertion><con:assertion type="Simple Contains" id="ee05317b-350e-4530-9fdd-4fb276fe442b" name="TransactionStatusCode"><con:configuration><token>(?s).*transactionStatusCode.*</token><ignoreCase>false</ignoreCase><useRegEx>true</useRegEx></con:configuration></con:assertion><con:assertion type="Simple Contains" id="ee05317b-350e-4530-9fdd-4fb276fe442b" name="TransactionStatus"><con:configuration><token>(?s).*status.*</token><ignoreCase>false</ignoreCase><useRegEx>true</useRegEx></con:configuration></con:assertion><con:assertion type="Simple Contains" id="ee05317b-350e-4530-9fdd-4fb276fe442b" name="Description"><con:configuration><token>(?s).*description.*</token><ignoreCase>false</ignoreCase><useRegEx>true</useRegEx></con:configuration></con:assertion><con:assertion type="Simple Contains" id="ee05317b-350e-4530-9fdd-4fb276fe442b" name="ApprovalCode"><con:configuration><token>(?s).*approvalCode.*</token><ignoreCase>false</ignoreCase><useRegEx>true</useRegEx></con:configuration></con:assertion><con:credentials><con:authType>No Authorization</con:authType></con:credentials><con:jmsConfig JMSDeliveryMode="PERSISTENT"/><con:jmsPropertyConfig/><con:parameters><entry key="appId" value="4973878" xmlns="http://eviware.com/soapui/config"/></con:parameters></con:restRequest></con:config></con:testStep><con:testStep type="transfer" name="AppID to get App Info" id="e24b7652-b07f-4e41-8686-23ad3dbfded4"><con:settings/><con:config xsi:type="con:PropertyTransfersStep" xmlns:xsi="http://www.w3.org/2001/XMLSchema-instance"><con:transfers setNullOnMissingSource="true" transferTextContent="true" failOnError="true" ignoreEmpty="false" transferToAll="false" entitize="false" transferChildNodes="false"><con:name>appId</con:name><con:sourceType>Response</con:sourceType><con:sourceStep>enroll</con:sourceStep><con:sourcePath>appId</con:sourcePath><con:targetType>appId</con:targetType><con:targetStep>app-info</con:targetStep><con:type>JSONPATH</con:type><con:targetTransferType>JSONPATH</con:targetTransferType><con:upgraded>true</con:upgraded></con:transfers></con:config></con:testStep><con:testStep type="restrequest" name="app-info" id="0303e3ba-53e0-4ad7-a97d-75fa7c0ce025"><con:settings/><con:config service="https://aw-lx0193:8243" resourcePath="/api/cx/acquisitionAndRenewal/buying/v1.0/application/{appId}/app-info" methodName="Method 1" xsi:type="con:RestRequestStep" xmlns:xsi="http://www.w3.org/2001/XMLSchema-instance"><con:restRequest name="app-info" id="b8c32314-a700-4a36-82f5-7cc4eb654ca8" mediaType="application/json"><con:settings><con:setting id="com.eviware.soapui.impl.wsdl.WsdlRequest@request-headers">&lt;xml-fragment/></con:setting></con:settings><con:endpoint>https://aw-lx0193:8243</con:endpoint><con:request>4973558</con:request><con:originalUri>https://aw-lx0193/api/cx/acquisitionAndRenewal/buying/v1.0/application/appId/app-info</con:originalUri><con:assertion type="Simple Contains" id="42ff710e-48a8-45b4-9eca-f9020bf37a8b" name="Contains"><con:configuration><token>(?s).*appId.*</token><ignoreCase>false</ignoreCase><useRegEx>true</useRegEx></con:configuration></con:assertion><con:assertion type="Simple Contains" id="42ff710e-48a8-45b4-9eca-f9020bf37a8b" name="Zip Code"><con:configuration><token>(?s).*zipCode.*</token><ignoreCase>false</ignoreCase><useRegEx>true</useRegEx></con:configuration></con:assertion><con:assertion type="Simple Contains" id="42ff710e-48a8-45b4-9eca-f9020bf37a8b" name="IssuerCode"><con:configuration><token>(?s).*issuerCode.*</token><ignoreCase>false</ignoreCase><useRegEx>true</useRegEx></con:configuration></con:assertion><con:assertion type="Simple Contains" id="42ff710e-48a8-45b4-9eca-f9020bf37a8b" name="Applicant"><con:configuration><token>(?s).*applicant.*</token><ignoreCase>false</ignoreCase><useRegEx>true</useRegEx></con:configuration></con:assertion><con:assertion type="Simple Contains" id="42ff710e-48a8-45b4-9eca-f9020bf37a8b" name="Address"><con:configuration><token>(?s).*address.*</token><ignoreCase>false</ignoreCase><useRegEx>true</useRegEx></con:configuration></con:assertion><con:assertion type="Simple Contains" id="42ff710e-48a8-45b4-9eca-f9020bf37a8b" name="Dependents"><con:configuration><token>(?s).*dependents.*</token><ignoreCase>false</ignoreCase><useRegEx>true</useRegEx></con:configuration></con:assertion><con:assertion type="Simple Contains" id="42ff710e-48a8-45b4-9eca-f9020bf37a8b" name="Broker Details"><con:configuration><token>(?s).*brokerDetails.*</token><ignoreCase>false</ignoreCase><useRegEx>true</useRegEx></con:configuration></con:assertion><con:assertion type="Simple Contains" id="42ff710e-48a8-45b4-9eca-f9020bf37a8b" name="Plan Quote"><con:configuration><token>(?s).*planQuote.*</token><ignoreCase>false</ignoreCase><useRegEx>true</useRegEx></con:configuration></con:assertion><con:assertion type="Simple Contains" id="42ff710e-48a8-45b4-9eca-f9020bf37a8b" name="Quote"><con:configuration><token>(?s).*quote.*</token><ignoreCase>false</ignoreCase><useRegEx>true</useRegEx></con:configuration></con:assertion><con:credentials><con:authType>No Authorization</con:authType></con:credentials><con:jmsConfig JMSDeliveryMode="PERSISTENT"/><con:jmsPropertyConfig/><con:parameters><entry key="appId" value="4973878" xmlns="http://eviware.com/soapui/config"/></con:parameters></con:restRequest></con:config></con:testStep><con:loadTest id="76341aad-1a4c-40bd-b6b1-a9b156482e6c" name="LoadTest 1"><con:settings><con:setting id="HttpSettings@close-connections">false</con:setting></con:settings><con:threadCount>100</con:threadCount><con:startDelay>0</con:startDelay><con:sampleInterval>250</con:sampleInterval><con:calculateTPSOnTimePassed>true</con:calculateTPSOnTimePassed><con:resetStatisticsOnThreadCountChange>true</con:resetStatisticsOnThreadCountChange><con:historyLimit>-1</con:historyLimit><con:testLimit>60</con:testLimit><con:limitType>TIME</con:limitType><con:loadStrategy><con:type>Thread</con:type><con:config><startThreadCount>1</startThreadCount><endThreadCount>100</endThreadCount></con:config></con:loadStrategy><con:assertion type="Step Status" name="Step Status"/><con:maxAssertionErrors>100</con:maxAssertionErrors><con:cancelExcessiveThreads>true</con:cancelExcessiveThreads><con:strategyInterval>500</con:strategyInterval></con:loadTest><con:properties/></con:testCase><con:properties/></con:testSuite><con:properties/><con:wssContainer/><con:oAuth2ProfileContainer/><con:sensitiveInformation/></con:soapui-project>