<?xml version="1.0" encoding="UTF-8"?>
<con:soapui-project id="88e28d43-3123-4ffe-a822-856c63a7fdd1" activeEnvironment="Default" name="Search API" soapui-version="5.2.1" abortOnError="false" runType="SEQUENTIAL" xmlns:con="http://eviware.com/soapui/config"><con:settings/><con:interface xsi:type="con:RestService" id="cbf4cd96-a646-49ee-a9ff-5d22900dfb13" wadlVersion="http://wadl.dev.java.net/2009/02" name="https://aw-lx0193:8243" type="rest" xmlns:xsi="http://www.w3.org/2001/XMLSchema-instance"><con:settings/><con:definitionCache type="TEXT" rootPart=""/><con:endpoints><con:endpoint>https://aw-lx0193:8243</con:endpoint></con:endpoints><con:resource name="Search" path="/api/cx/acquisitionAndRenewal/buying/v1.0/quotes/search" id="935c1509-40a0-4be8-9b6f-6d66ecbdc5dc"><con:settings/><con:parameters/><con:method name="Search" id="ec9cdfe6-1d09-4f88-abfe-34778e9f55ef" method="POST"><con:settings/><con:parameters/><con:representation type="REQUEST"><con:mediaType>application/json</con:mediaType><con:params/></con:representation><con:representation type="RESPONSE"><con:mediaType>application/json;charset=UTF-8</con:mediaType><con:status>200</con:status><con:params/><con:element>Response</con:element></con:representation><con:representation type="FAULT"><con:mediaType>application/json;charset=UTF-8</con:mediaType><con:status>400</con:status><con:params/><con:element xmlns:sear="https://aw-lx0193/api/cx/acquisitionAndRenewal/buying/v1.0/quotes/search">sear:Fault</con:element></con:representation><con:request name="Request 1" id="77a662c8-1a83-4646-acc7-e123ddb646aa" mediaType="application/json" postQueryString="false"><con:settings><con:setting id="com.eviware.soapui.impl.wsdl.WsdlRequest@request-headers">&lt;xml-fragment/></con:setting></con:settings><con:endpoint>https://aw-lx0193:8243</con:endpoint><con:request>{
	"zipCode":"94105",
	"issuerCode":"DELTA",
	"coverageType":"Self",
	"coverageStartDate":"2018-12-01"
	}
</con:request><con:originalUri>https://aw-lx0193/api/cx/acquisitionAndRenewal/buying/v1.0/quotes/search</con:originalUri><con:credentials><con:authType>No Authorization</con:authType></con:credentials><con:jmsConfig JMSDeliveryMode="PERSISTENT"/><con:jmsPropertyConfig/><con:parameters/></con:request></con:method></con:resource></con:interface><con:testSuite id="f96c1b21-8069-41a5-8668-6579c4907f45" name="Search Validations"><con:description>Validate and verify SEARCH API</con:description><con:settings/><con:runType>PARALLELL</con:runType><con:testCase id="20f39a93-4227-4005-b28e-70354a356d19" failOnError="true" failTestCaseOnErrors="true" keepSession="false" maxResults="0" name="Verify Search API for SF state with issuercode DELTA" searchProperties="true"><con:settings/><con:testStep type="restrequest" name="Verify SF Products using Search API" id="657b8164-2779-4efa-b578-76bda1c3d79b"><con:settings/><con:config service="https://aw-lx0193:8243" resourcePath="/api/cx/acquisitionAndRenewal/buying/v1.0/quotes/search" methodName="Search" xsi:type="con:RestRequestStep" xmlns:xsi="http://www.w3.org/2001/XMLSchema-instance"><con:restRequest name="Verify SF Products using Search API" id="77a662c8-1a83-4646-acc7-e123ddb646aa" mediaType="application/json" postQueryString="false"><con:settings><con:setting id="com.eviware.soapui.impl.wsdl.WsdlRequest@request-headers">&lt;xml-fragment/></con:setting></con:settings><con:endpoint>https://aw-lx0193:8243</con:endpoint><con:request>{
	"zipCode":"94105",
	"issuerCode":"DELTA",
	"coverageType":"Self",
	"coverageStartDate":"2018-12-01"
	}
</con:request><con:originalUri>https://aw-lx0193/api/cx/acquisitionAndRenewal/buying/v1.0/quotes/search</con:originalUri><con:assertion type="Simple Contains" id="2717e762-ea76-459c-8582-e9924b1cd3b5" name="DeltaCare® USA CAA54"><con:configuration><token>(?s).*DeltaCare® USA CAA54 Individual/Family Dental Program.*</token><ignoreCase>false</ignoreCase><useRegEx>true</useRegEx></con:configuration></con:assertion><con:assertion type="Simple Contains" id="10dda026-6139-4c9c-bd55-464765e98875" name="DeltaCare® USA CAA55"><con:configuration><token>(?s).*DeltaCare® USA CAA55 Individual/Family Dental Program.*</token><ignoreCase>false</ignoreCase><useRegEx>true</useRegEx></con:configuration></con:assertion><con:credentials><con:authType>No Authorization</con:authType></con:credentials><con:jmsConfig JMSDeliveryMode="PERSISTENT"/><con:jmsPropertyConfig/><con:parameters/></con:restRequest></con:config></con:testStep><con:testStep type="groovy" name="Search Response Vereficiation" id="786df747-c7ef-421a-b1f0-1a9c675ec99d"><con:settings/><con:config><script>import groovy.json.JsonSlurper

responseContent = testRunner.testCase.getTestStepByName("Verify SF Products using Search API").getPropertyValue("response")
slurperresponse = new JsonSlurper().parseText(responseContent)
log.info (slurperresponse.plan.planName[1])

String planName ="DeltaCare® USA CAA54 Individual/Family Dental Program"

if(planName == slurperresponse.plan.planName[1]) {
    assert true
    }
    else {
        assert false
    }
</script></con:config></con:testStep><con:properties/></con:testCase><con:testCase id="acce8352-7218-4db3-adb4-283afdaf445d" failOnError="true" failTestCaseOnErrors="true" keepSession="false" maxResults="0" name="Verify Search API for SF with issuercode AARP" searchProperties="true"><con:settings/><con:testStep type="restrequest" name="Verify SF Products using Search API" id="256572a5-9a08-4194-b82e-780223fd7c1e"><con:settings/><con:config service="https://aw-lx0193:8243" resourcePath="/api/cx/acquisitionAndRenewal/buying/v1.0/quotes/search" methodName="Search" xsi:type="con:RestRequestStep" xmlns:xsi="http://www.w3.org/2001/XMLSchema-instance"><con:restRequest name="Verify SF Products using Search API" id="77a662c8-1a83-4646-acc7-e123ddb646aa" mediaType="application/json" postQueryString="false"><con:settings><con:setting id="com.eviware.soapui.impl.wsdl.WsdlRequest@request-headers">&lt;xml-fragment/></con:setting></con:settings><con:endpoint>https://aw-lx0193:8243</con:endpoint><con:request>{
	"zipCode":"94105",
	"issuerCode":"AARP",
	"coverageType":"Self",
	"coverageStartDate":"2018-12-01"
	}
</con:request><con:originalUri>https://aw-lx0193/api/cx/acquisitionAndRenewal/buying/v1.0/quotes/search</con:originalUri><con:assertion type="Simple Contains" id="2717e762-ea76-459c-8582-e9924b1cd3b5" name="DeltaCare ® USA Plan 15B"><con:configuration><token>(?s).*DeltaCare ® USA Plan 15B.*</token><ignoreCase>false</ignoreCase><useRegEx>true</useRegEx></con:configuration></con:assertion><con:assertion type="Simple Contains" id="10dda026-6139-4c9c-bd55-464765e98875" name="PPO Plan B"><con:configuration><token>(?s).*PPO Plan B.*</token><ignoreCase>false</ignoreCase><useRegEx>true</useRegEx></con:configuration></con:assertion><con:credentials><con:authType>No Authorization</con:authType></con:credentials><con:jmsConfig JMSDeliveryMode="PERSISTENT"/><con:jmsPropertyConfig/><con:parameters/></con:restRequest></con:config></con:testStep><con:properties/></con:testCase><con:testCase id="355ea473-2a59-4afb-b6ac-5d10f286f938" failOnError="true" failTestCaseOnErrors="true" keepSession="false" maxResults="0" name="Verify Search API with diff Coverage Start Date" searchProperties="true"><con:settings/><con:testStep type="restrequest" name="Verify with Previous Date" id="b21dba83-1866-4d14-bba7-cc948292cbe5"><con:settings/><con:config service="https://aw-lx0193:8243" resourcePath="/api/cx/acquisitionAndRenewal/buying/v1.0/quotes/search" methodName="Search" xsi:type="con:RestRequestStep" xmlns:xsi="http://www.w3.org/2001/XMLSchema-instance"><con:restRequest name="Verify with Previous Date" id="77a662c8-1a83-4646-acc7-e123ddb646aa" mediaType="application/json" postQueryString="false"><con:settings><con:setting id="com.eviware.soapui.impl.wsdl.WsdlRequest@request-headers">&lt;xml-fragment/></con:setting></con:settings><con:endpoint>https://aw-lx0193:8243</con:endpoint><con:request>{
	"zipCode":"94105",
	"issuerCode":"AARP",
	"coverageType":"Self",
	"coverageStartDate":"2017-01-01"
	}
</con:request><con:originalUri>https://aw-lx0193/api/cx/acquisitionAndRenewal/buying/v1.0/quotes/search</con:originalUri><con:assertion type="Simple Contains" id="2717e762-ea76-459c-8582-e9924b1cd3b5" name="Coverage start date can't be in past"><con:configuration><token>(?s).*Coverage start date can't be in past..*</token><ignoreCase>false</ignoreCase><useRegEx>true</useRegEx></con:configuration></con:assertion><con:credentials><con:authType>No Authorization</con:authType></con:credentials><con:jmsConfig JMSDeliveryMode="PERSISTENT"/><con:jmsPropertyConfig/><con:parameters/></con:restRequest></con:config></con:testStep><con:testStep type="restrequest" name="Verify with Future Date" id="27be2d9b-197b-40e0-96b8-1265bfe8f770"><con:settings/><con:config service="https://aw-lx0193:8243" resourcePath="/api/cx/acquisitionAndRenewal/buying/v1.0/quotes/search" methodName="Search" xsi:type="con:RestRequestStep" xmlns:xsi="http://www.w3.org/2001/XMLSchema-instance"><con:restRequest name="Verify with Future Date" id="77a662c8-1a83-4646-acc7-e123ddb646aa" mediaType="application/json" postQueryString="false"><con:settings><con:setting id="com.eviware.soapui.impl.wsdl.WsdlRequest@request-headers">&lt;xml-fragment/></con:setting></con:settings><con:endpoint>https://aw-lx0193:8243</con:endpoint><con:request>{
	"zipCode":"94105",
	"issuerCode":"AARP",
	"coverageType":"Self",
	"coverageStartDate":"2018-12-01"
	}
</con:request><con:originalUri>https://aw-lx0193/api/cx/acquisitionAndRenewal/buying/v1.0/quotes/search</con:originalUri><con:assertion type="Simple NotContains" id="eca78f74-bda9-45e7-b52e-a445a97febfc" name="Should Not Contain Error Message"><con:configuration><token>(?s).*Coverage start date can't be in past..*</token><ignoreCase>false</ignoreCase><useRegEx>true</useRegEx></con:configuration></con:assertion><con:credentials><con:authType>No Authorization</con:authType></con:credentials><con:jmsConfig JMSDeliveryMode="PERSISTENT"/><con:jmsPropertyConfig/><con:parameters/></con:restRequest></con:config></con:testStep><con:properties/></con:testCase><con:testCase id="c28f7dd9-8db7-4f89-b2ad-dabf78b6aa61" failOnError="true" failTestCaseOnErrors="true" keepSession="false" maxResults="0" name="Verify Search API with invalid Zip Codes" searchProperties="true"><con:settings/><con:testStep type="restrequest" name="Verify Search API with Wrong Zipcodes" id="3f5f1f7c-65b7-486b-8e7f-4cf22f167319"><con:settings/><con:config service="https://aw-lx0193:8243" resourcePath="/api/cx/acquisitionAndRenewal/buying/v1.0/quotes/search" methodName="Search" xsi:type="con:RestRequestStep" xmlns:xsi="http://www.w3.org/2001/XMLSchema-instance"><con:restRequest name="Verify Search API with Wrong Zipcodes" id="77a662c8-1a83-4646-acc7-e123ddb646aa" mediaType="application/json" postQueryString="false"><con:settings><con:setting id="com.eviware.soapui.impl.wsdl.WsdlRequest@request-headers">&lt;xml-fragment/></con:setting></con:settings><con:endpoint>https://aw-lx0193:8243</con:endpoint><con:request>{
	"zipCode":"12345",
	"issuerCode":"DELTA",
	"coverageType":"Self",
	"coverageStartDate":"2018-12-01"
	}
</con:request><con:originalUri>https://aw-lx0193/api/cx/acquisitionAndRenewal/buying/v1.0/quotes/search</con:originalUri><con:assertion type="Simple NotContains" id="3c97a1d2-c20e-4619-9e30-6822b85ad82f" name="Empty JSON CONTENT"><con:configuration><token>(?s).*Empty JSON content.*</token><ignoreCase>false</ignoreCase><useRegEx>true</useRegEx></con:configuration></con:assertion><con:credentials><con:authType>No Authorization</con:authType></con:credentials><con:jmsConfig JMSDeliveryMode="PERSISTENT"/><con:jmsPropertyConfig/><con:parameters/></con:restRequest></con:config></con:testStep><con:testStep type="restrequest" name="Verify Search API with Wrong Zipcodes2" id="68555d6c-8bba-4032-ace1-29852f6d72cf"><con:settings/><con:config service="https://aw-lx0193:8243" resourcePath="/api/cx/acquisitionAndRenewal/buying/v1.0/quotes/search" methodName="Search" xsi:type="con:RestRequestStep" xmlns:xsi="http://www.w3.org/2001/XMLSchema-instance"><con:restRequest name="Verify Search API with Wrong Zipcodes2" id="77a662c8-1a83-4646-acc7-e123ddb646aa" mediaType="application/json" postQueryString="false"><con:settings><con:setting id="com.eviware.soapui.impl.wsdl.WsdlRequest@request-headers">&lt;xml-fragment/></con:setting></con:settings><con:endpoint>https://aw-lx0193:8243</con:endpoint><con:request>{
	"zipCode":"7785856",
	"issuerCode":"DELTA",
	"coverageType":"Self",
	"coverageStartDate":"2018-12-01"
	}
</con:request><con:originalUri>https://aw-lx0193/api/cx/acquisitionAndRenewal/buying/v1.0/quotes/search</con:originalUri><con:assertion type="Simple Contains" id="1935fcbc-25d2-470b-960d-b6799f073fd6" name="Zip Code should be of 5 digits"><con:configuration><token>(?s).*Zip Code should be of 5 digits..*</token><ignoreCase>false</ignoreCase><useRegEx>true</useRegEx></con:configuration></con:assertion><con:credentials><con:authType>No Authorization</con:authType></con:credentials><con:jmsConfig JMSDeliveryMode="PERSISTENT"/><con:jmsPropertyConfig/><con:parameters/></con:restRequest></con:config></con:testStep><con:testStep type="restrequest" name="Verify Search API with Wrong Zipcodes1" id="06a86f8a-0fd7-49ee-a865-8b36ae6b3f41"><con:settings/><con:config service="https://aw-lx0193:8243" resourcePath="/api/cx/acquisitionAndRenewal/buying/v1.0/quotes/search" methodName="Search" xsi:type="con:RestRequestStep" xmlns:xsi="http://www.w3.org/2001/XMLSchema-instance"><con:restRequest name="Verify Search API with Wrong Zipcodes1" id="77a662c8-1a83-4646-acc7-e123ddb646aa" mediaType="application/json" postQueryString="false"><con:settings><con:setting id="com.eviware.soapui.impl.wsdl.WsdlRequest@request-headers">&lt;xml-fragment/></con:setting></con:settings><con:endpoint>https://aw-lx0193:8243</con:endpoint><con:request>{
	"zipCode":"56",
	"issuerCode":"DELTA",
	"coverageType":"Self",
	"coverageStartDate":"2018-12-01"
	}
</con:request><con:originalUri>https://aw-lx0193/api/cx/acquisitionAndRenewal/buying/v1.0/quotes/search</con:originalUri><con:assertion type="Simple Contains" id="1935fcbc-25d2-470b-960d-b6799f073fd6" name="Zip Code should be of 5 digits"><con:configuration><token>(?s).*Zip Code should be of 5 digits..*</token><ignoreCase>false</ignoreCase><useRegEx>true</useRegEx></con:configuration></con:assertion><con:credentials><con:authType>No Authorization</con:authType></con:credentials><con:jmsConfig JMSDeliveryMode="PERSISTENT"/><con:jmsPropertyConfig/><con:parameters/></con:restRequest></con:config></con:testStep><con:testStep type="restrequest" name="Verify Search API with alphabet as Zipcodes" id="1f315876-342f-4cf3-985c-2ecff9bd7d00"><con:settings/><con:config service="https://aw-lx0193:8243" resourcePath="/api/cx/acquisitionAndRenewal/buying/v1.0/quotes/search" methodName="Search" xsi:type="con:RestRequestStep" xmlns:xsi="http://www.w3.org/2001/XMLSchema-instance"><con:restRequest name="Verify Search API with alphabet as Zipcodes" id="77a662c8-1a83-4646-acc7-e123ddb646aa" mediaType="application/json" postQueryString="false"><con:settings><con:setting id="com.eviware.soapui.impl.wsdl.WsdlRequest@request-headers">&lt;xml-fragment/></con:setting></con:settings><con:endpoint>https://aw-lx0193:8243</con:endpoint><con:request>{
	"zipCode":"kjfdfgh",
	"issuerCode":"DELTA",
	"coverageType":"Self",
	"coverageStartDate":"2018-12-01"
	}
</con:request><con:originalUri>https://aw-lx0193/api/cx/acquisitionAndRenewal/buying/v1.0/quotes/search</con:originalUri><con:assertion type="Simple Contains" id="1935fcbc-25d2-470b-960d-b6799f073fd6" name="Zip Code should be of 5 digits"><con:configuration><token>(?s).*Zip Code should be of 5 digits..*</token><ignoreCase>false</ignoreCase><useRegEx>true</useRegEx></con:configuration></con:assertion><con:credentials><con:authType>No Authorization</con:authType></con:credentials><con:jmsConfig JMSDeliveryMode="PERSISTENT"/><con:jmsPropertyConfig/><con:parameters/></con:restRequest></con:config></con:testStep><con:testStep type="restrequest" name="Verify Search API with Special Chars as Zipcodes" id="5ce38d26-961b-4831-9514-c1a5b36e7dc8"><con:settings/><con:config service="https://aw-lx0193:8243" resourcePath="/api/cx/acquisitionAndRenewal/buying/v1.0/quotes/search" methodName="Search" xsi:type="con:RestRequestStep" xmlns:xsi="http://www.w3.org/2001/XMLSchema-instance"><con:restRequest name="Verify Search API with Special Chars as Zipcodes" id="77a662c8-1a83-4646-acc7-e123ddb646aa" mediaType="application/json" postQueryString="false"><con:settings><con:setting id="com.eviware.soapui.impl.wsdl.WsdlRequest@request-headers">&lt;xml-fragment/></con:setting></con:settings><con:endpoint>https://aw-lx0193:8243</con:endpoint><con:request>{
	"zipCode":"/*/-*/-*",
	"issuerCode":"DELTA",
	"coverageType":"Self",
	"coverageStartDate":"2018-12-01"
	}
</con:request><con:originalUri>https://aw-lx0193/api/cx/acquisitionAndRenewal/buying/v1.0/quotes/search</con:originalUri><con:assertion type="Simple Contains" id="1935fcbc-25d2-470b-960d-b6799f073fd6" name="Zip Code should be of 5 digits"><con:configuration><token>(?s).*Zip Code should be of 5 digits..*</token><ignoreCase>false</ignoreCase><useRegEx>true</useRegEx></con:configuration></con:assertion><con:credentials><con:authType>No Authorization</con:authType></con:credentials><con:jmsConfig JMSDeliveryMode="PERSISTENT"/><con:jmsPropertyConfig/><con:parameters/></con:restRequest></con:config></con:testStep><con:properties/></con:testCase><con:testCase id="0b131241-7065-4a15-8b5f-9402905c2f96" failOnError="true" failTestCaseOnErrors="true" keepSession="false" maxResults="0" name="Verify Search API with invalid Issuer code" searchProperties="true"><con:settings/><con:testStep type="restrequest" name="Verify Search API with Invalid Issuer Code" id="52321875-d77b-419d-9a4e-91d25cbc8759"><con:settings/><con:config service="https://aw-lx0193:8243" resourcePath="/api/cx/acquisitionAndRenewal/buying/v1.0/quotes/search" methodName="Search" xsi:type="con:RestRequestStep" xmlns:xsi="http://www.w3.org/2001/XMLSchema-instance"><con:restRequest name="Verify Search API with Invalid Issuer Code" id="77a662c8-1a83-4646-acc7-e123ddb646aa" mediaType="application/json" postQueryString="false"><con:settings><con:setting id="com.eviware.soapui.impl.wsdl.WsdlRequest@request-headers">&lt;xml-fragment/></con:setting></con:settings><con:endpoint>https://aw-lx0193:8243</con:endpoint><con:request>{
	"zipCode":"94105",
	"issuerCode":"YYYY",
	"coverageType":"Self",
	"coverageStartDate":"2018-12-01"
	}
</con:request><con:originalUri>https://aw-lx0193/api/cx/acquisitionAndRenewal/buying/v1.0/quotes/search</con:originalUri><con:assertion type="Simple Contains" id="6fcabe66-51f1-4660-b73b-ead84b73d633" name="No Issuer Found"><con:configuration><token>(?s).*psc.issuer.noIssuerFound.*</token><ignoreCase>false</ignoreCase><useRegEx>true</useRegEx></con:configuration></con:assertion><con:credentials><con:authType>No Authorization</con:authType></con:credentials><con:jmsConfig JMSDeliveryMode="PERSISTENT"/><con:jmsPropertyConfig/><con:parameters/></con:restRequest></con:config></con:testStep><con:testStep type="restrequest" name="Verify Search API with Special Chars in Issuer Code" id="0923fc9c-5cf1-408c-a963-10b3cd4eae84"><con:settings/><con:config service="https://aw-lx0193:8243" resourcePath="/api/cx/acquisitionAndRenewal/buying/v1.0/quotes/search" methodName="Search" xsi:type="con:RestRequestStep" xmlns:xsi="http://www.w3.org/2001/XMLSchema-instance"><con:restRequest name="Verify Search API with Special Chars in Issuer Code" id="77a662c8-1a83-4646-acc7-e123ddb646aa" mediaType="application/json" postQueryString="false"><con:settings><con:setting id="com.eviware.soapui.impl.wsdl.WsdlRequest@request-headers">&lt;xml-fragment/></con:setting></con:settings><con:endpoint>https://aw-lx0193:8243</con:endpoint><con:request>{
	"zipCode":"94105",
	"issuerCode":"/*/*-/-+-",
	"coverageType":"Self",
	"coverageStartDate":"2018-12-01"
	}
</con:request><con:originalUri>https://aw-lx0193/api/cx/acquisitionAndRenewal/buying/v1.0/quotes/search</con:originalUri><con:assertion type="Simple Contains" id="6fcabe66-51f1-4660-b73b-ead84b73d633" name="No Issuer Found"><con:configuration><token>(?s).*psc.issuer.noIssuerFound.*</token><ignoreCase>false</ignoreCase><useRegEx>true</useRegEx></con:configuration></con:assertion><con:credentials><con:authType>No Authorization</con:authType></con:credentials><con:jmsConfig JMSDeliveryMode="PERSISTENT"/><con:jmsPropertyConfig/><con:parameters/></con:restRequest></con:config></con:testStep><con:testStep type="restrequest" name="Verify Search API with alphanumeric in Issuer Code" id="0b8feb12-c210-451e-b00f-fcb5dd8e089f"><con:settings/><con:config service="https://aw-lx0193:8243" resourcePath="/api/cx/acquisitionAndRenewal/buying/v1.0/quotes/search" methodName="Search" xsi:type="con:RestRequestStep" xmlns:xsi="http://www.w3.org/2001/XMLSchema-instance"><con:restRequest name="Verify Search API with alphanumeric in Issuer Code" id="77a662c8-1a83-4646-acc7-e123ddb646aa" mediaType="application/json" postQueryString="false"><con:settings><con:setting id="com.eviware.soapui.impl.wsdl.WsdlRequest@request-headers">&lt;xml-fragment/></con:setting></con:settings><con:endpoint>https://aw-lx0193:8243</con:endpoint><con:request>{
	"zipCode":"94105",
	"issuerCode":"sahsj1212@$,
	"coverageType":"Self",
	"coverageStartDate":"2018-12-01"
	}
</con:request><con:originalUri>https://aw-lx0193/api/cx/acquisitionAndRenewal/buying/v1.0/quotes/search</con:originalUri><con:assertion type="Simple Contains" id="6fcabe66-51f1-4660-b73b-ead84b73d633" name="Bad request"><con:configuration><token>(?s).*Bad request, kindly check the request format..*</token><ignoreCase>false</ignoreCase><useRegEx>true</useRegEx></con:configuration></con:assertion><con:credentials><con:authType>No Authorization</con:authType></con:credentials><con:jmsConfig JMSDeliveryMode="PERSISTENT"/><con:jmsPropertyConfig/><con:parameters/></con:restRequest></con:config></con:testStep><con:properties/></con:testCase><con:testCase id="6f1cb969-1465-449c-8ee3-7197d13f3db9" failOnError="true" failTestCaseOnErrors="true" keepSession="false" maxResults="0" name="Verify Search API for TX state with issuercode DELTA" searchProperties="true"><con:settings/><con:testStep type="restrequest" name="Verify TX Products using Search API" id="e2031f7e-6cb9-461d-82b8-fd910ce0b35d"><con:settings/><con:config service="https://aw-lx0193:8243" resourcePath="/api/cx/acquisitionAndRenewal/buying/v1.0/quotes/search" methodName="Search" xsi:type="con:RestRequestStep" xmlns:xsi="http://www.w3.org/2001/XMLSchema-instance"><con:restRequest name="Verify TX Products using Search API" id="77a662c8-1a83-4646-acc7-e123ddb646aa" mediaType="application/json" postQueryString="false"><con:settings><con:setting id="com.eviware.soapui.impl.wsdl.WsdlRequest@request-headers">&lt;xml-fragment/></con:setting></con:settings><con:endpoint>https://aw-lx0193:8243</con:endpoint><con:request>{
	"zipCode":"78251",
	"issuerCode":"DELTA",
	"coverageType":"Self",
	"coverageStartDate":"2018-12-01"
	}
</con:request><con:originalUri>https://aw-lx0193/api/cx/acquisitionAndRenewal/buying/v1.0/quotes/search</con:originalUri><con:assertion type="Simple Contains" id="2717e762-ea76-459c-8582-e9924b1cd3b5" name="DeltaCare® USA CAA54"><con:configuration><token>(?s).*DeltaCare® USA CAA54 Individual/Family Dental Program.*</token><ignoreCase>false</ignoreCase><useRegEx>true</useRegEx></con:configuration></con:assertion><con:assertion type="Simple Contains" id="10dda026-6139-4c9c-bd55-464765e98875" name="DeltaCare® USA CAA55"><con:configuration><token>(?s).*DeltaCare® USA CAA55 Individual/Family Dental Program.*</token><ignoreCase>false</ignoreCase><useRegEx>true</useRegEx></con:configuration></con:assertion><con:credentials><con:authType>No Authorization</con:authType></con:credentials><con:jmsConfig JMSDeliveryMode="PERSISTENT"/><con:jmsPropertyConfig/><con:parameters/></con:restRequest></con:config></con:testStep><con:properties/></con:testCase><con:testCase id="2d7080cf-9624-43ba-b43d-f3a7a7b291eb" failOnError="true" failTestCaseOnErrors="true" keepSession="false" maxResults="0" name="Verify Search API for PA state with issuercode DELTA" searchProperties="true"><con:settings/><con:testStep type="restrequest" name="Verify PA Products using Search API" id="5fa69788-2a18-41f1-ae24-ac7a76da7946"><con:settings/><con:config service="https://aw-lx0193:8243" resourcePath="/api/cx/acquisitionAndRenewal/buying/v1.0/quotes/search" methodName="Search" xsi:type="con:RestRequestStep" xmlns:xsi="http://www.w3.org/2001/XMLSchema-instance"><con:restRequest name="Verify PA Products using Search API" id="77a662c8-1a83-4646-acc7-e123ddb646aa" mediaType="application/json" postQueryString="false"><con:settings><con:setting id="com.eviware.soapui.impl.wsdl.WsdlRequest@request-headers">&lt;xml-fragment/></con:setting></con:settings><con:endpoint>https://aw-lx0193:8243</con:endpoint><con:request>{
	"zipCode":"15001",
	"issuerCode":"DELTA",
	"coverageType":"Self",
	"coverageStartDate":"2018-12-01"
	}
</con:request><con:originalUri>https://aw-lx0193/api/cx/acquisitionAndRenewal/buying/v1.0/quotes/search</con:originalUri><con:assertion type="Simple Contains" id="2717e762-ea76-459c-8582-e9924b1cd3b5" name="DeltaCare® USA CAA54"><con:configuration><token>(?s).*DeltaCare® USA CAA54 Individual/Family Dental Program.*</token><ignoreCase>false</ignoreCase><useRegEx>true</useRegEx></con:configuration></con:assertion><con:assertion type="Simple Contains" id="10dda026-6139-4c9c-bd55-464765e98875" name="DeltaCare® USA CAA55"><con:configuration><token>(?s).*DeltaCare® USA CAA55 Individual/Family Dental Program.*</token><ignoreCase>false</ignoreCase><useRegEx>true</useRegEx></con:configuration></con:assertion><con:credentials><con:authType>No Authorization</con:authType></con:credentials><con:jmsConfig JMSDeliveryMode="PERSISTENT"/><con:jmsPropertyConfig/><con:parameters/></con:restRequest></con:config></con:testStep><con:properties/></con:testCase><con:testCase id="4ce10bda-347a-442e-b33d-818b4447e2a2" failOnError="true" failTestCaseOnErrors="true" keepSession="false" maxResults="0" name="Verify Search API for FL state with issuercode DELTA" searchProperties="true"><con:settings/><con:testStep type="restrequest" name="Verify FL Products using Search API" id="344a94b3-5363-4258-9da0-52990e389f2b"><con:settings/><con:config service="https://aw-lx0193:8243" resourcePath="/api/cx/acquisitionAndRenewal/buying/v1.0/quotes/search" methodName="Search" xsi:type="con:RestRequestStep" xmlns:xsi="http://www.w3.org/2001/XMLSchema-instance"><con:restRequest name="Verify FL Products using Search API" id="77a662c8-1a83-4646-acc7-e123ddb646aa" mediaType="application/json" postQueryString="false"><con:settings><con:setting id="com.eviware.soapui.impl.wsdl.WsdlRequest@request-headers">&lt;xml-fragment/></con:setting></con:settings><con:endpoint>https://aw-lx0193:8243</con:endpoint><con:request>{
	"zipCode":"32003",
	"issuerCode":"DELTA",
	"coverageType":"Self",
	"coverageStartDate":"2018-12-01"
	}
</con:request><con:originalUri>https://aw-lx0193/api/cx/acquisitionAndRenewal/buying/v1.0/quotes/search</con:originalUri><con:assertion type="Simple Contains" id="2717e762-ea76-459c-8582-e9924b1cd3b5" name="DeltaCare® USA CAA54"><con:configuration><token>(?s).*DeltaCare® USA CAA54 Individual/Family Dental Program.*</token><ignoreCase>false</ignoreCase><useRegEx>true</useRegEx></con:configuration></con:assertion><con:assertion type="Simple Contains" id="10dda026-6139-4c9c-bd55-464765e98875" name="DeltaCare® USA CAA55"><con:configuration><token>(?s).*DeltaCare® USA CAA55 Individual/Family Dental Program.*</token><ignoreCase>false</ignoreCase><useRegEx>true</useRegEx></con:configuration></con:assertion><con:credentials><con:authType>No Authorization</con:authType></con:credentials><con:jmsConfig JMSDeliveryMode="PERSISTENT"/><con:jmsPropertyConfig/><con:parameters/></con:restRequest></con:config></con:testStep><con:properties/></con:testCase><con:testCase id="7529cefe-194e-49b2-b2d2-5943ea7a1cb3" failOnError="true" failTestCaseOnErrors="true" keepSession="false" maxResults="0" name="Verify Search API for TX with issuercode AARP" searchProperties="true"><con:settings/><con:testStep type="restrequest" name="Verify TX Products using Search API" id="a7893fcb-56f9-401d-851f-742bb8bba5b4"><con:settings/><con:config service="https://aw-lx0193:8243" resourcePath="/api/cx/acquisitionAndRenewal/buying/v1.0/quotes/search" methodName="Search" xsi:type="con:RestRequestStep" xmlns:xsi="http://www.w3.org/2001/XMLSchema-instance"><con:restRequest name="Verify TX Products using Search API" id="77a662c8-1a83-4646-acc7-e123ddb646aa" mediaType="application/json" postQueryString="false"><con:settings><con:setting id="com.eviware.soapui.impl.wsdl.WsdlRequest@request-headers">&lt;xml-fragment/></con:setting></con:settings><con:endpoint>https://aw-lx0193:8243</con:endpoint><con:request>{
	"zipCode":"78251",
	"issuerCode":"AARP",
	"coverageType":"Self",
	"coverageStartDate":"2018-12-01"
	}
</con:request><con:originalUri>https://aw-lx0193/api/cx/acquisitionAndRenewal/buying/v1.0/quotes/search</con:originalUri><con:assertion type="Simple Contains" id="2717e762-ea76-459c-8582-e9924b1cd3b5" name="DeltaCare ® USA Plan 15B"><con:configuration><token>(?s).*DeltaCare ® USA Plan 15B.*</token><ignoreCase>false</ignoreCase><useRegEx>true</useRegEx></con:configuration></con:assertion><con:assertion type="Simple Contains" id="10dda026-6139-4c9c-bd55-464765e98875" name="DPO Plan B"><con:configuration><token>(?s).*DPO Plan B.*</token><ignoreCase>false</ignoreCase><useRegEx>true</useRegEx></con:configuration></con:assertion><con:assertion type="Simple Contains" id="10dda026-6139-4c9c-bd55-464765e98875" name="DPO Plan A"><con:configuration><token>(?s).*DPO Plan A.*</token><ignoreCase>false</ignoreCase><useRegEx>true</useRegEx></con:configuration></con:assertion><con:credentials><con:authType>No Authorization</con:authType></con:credentials><con:jmsConfig JMSDeliveryMode="PERSISTENT"/><con:jmsPropertyConfig/><con:parameters/></con:restRequest></con:config></con:testStep><con:properties/></con:testCase><con:testCase id="778b31d1-18c1-46cb-89be-bb666515a37d" failOnError="true" failTestCaseOnErrors="true" keepSession="false" maxResults="0" name="Verify Search API for PA with issuercode AARP" searchProperties="true"><con:settings/><con:testStep type="restrequest" name="Verify PA Products using Search API" id="2769a8dd-bb7a-4bdc-bfd2-cd5f52f0d95d"><con:settings/><con:config service="https://aw-lx0193:8243" resourcePath="/api/cx/acquisitionAndRenewal/buying/v1.0/quotes/search" methodName="Search" xsi:type="con:RestRequestStep" xmlns:xsi="http://www.w3.org/2001/XMLSchema-instance"><con:restRequest name="Verify PA Products using Search API" id="77a662c8-1a83-4646-acc7-e123ddb646aa" mediaType="application/json" postQueryString="false"><con:settings><con:setting id="com.eviware.soapui.impl.wsdl.WsdlRequest@request-headers">&lt;xml-fragment/></con:setting></con:settings><con:endpoint>https://aw-lx0193:8243</con:endpoint><con:request>{
	"zipCode":"15001",
	"issuerCode":"AARP",
	"coverageType":"Self",
	"coverageStartDate":"2018-12-01"
	}
</con:request><con:originalUri>https://aw-lx0193/api/cx/acquisitionAndRenewal/buying/v1.0/quotes/search</con:originalUri><con:assertion type="Simple Contains" id="2717e762-ea76-459c-8582-e9924b1cd3b5" name="DeltaCare ® USA Plan 15B"><con:configuration><token>(?s).*DeltaCare ® USA Plan 15B.*</token><ignoreCase>false</ignoreCase><useRegEx>true</useRegEx></con:configuration></con:assertion><con:assertion type="Simple Contains" id="10dda026-6139-4c9c-bd55-464765e98875" name="PPO Plan B"><con:configuration><token>(?s).*PPO Plan B.*</token><ignoreCase>false</ignoreCase><useRegEx>true</useRegEx></con:configuration></con:assertion><con:assertion type="Simple Contains" id="10dda026-6139-4c9c-bd55-464765e98875" name="PPO Plan A"><con:configuration><token>(?s).*PPO Plan A.*</token><ignoreCase>false</ignoreCase><useRegEx>true</useRegEx></con:configuration></con:assertion><con:credentials><con:authType>No Authorization</con:authType></con:credentials><con:jmsConfig JMSDeliveryMode="PERSISTENT"/><con:jmsPropertyConfig/><con:parameters/></con:restRequest></con:config></con:testStep><con:properties/></con:testCase><con:testCase id="efcaaa45-39ab-4496-9e92-c12b9e1af08b" failOnError="true" failTestCaseOnErrors="true" keepSession="false" maxResults="0" name="Verify Search API for FL with issuercode AARP" searchProperties="true"><con:settings/><con:testStep type="restrequest" name="Verify FL Products using Search API" id="6a7f684b-48a4-4132-a5fe-3e2c0d95a6a2"><con:settings/><con:config service="https://aw-lx0193:8243" resourcePath="/api/cx/acquisitionAndRenewal/buying/v1.0/quotes/search" methodName="Search" xsi:type="con:RestRequestStep" xmlns:xsi="http://www.w3.org/2001/XMLSchema-instance"><con:restRequest name="Verify FL Products using Search API" id="77a662c8-1a83-4646-acc7-e123ddb646aa" mediaType="application/json" postQueryString="false"><con:settings><con:setting id="com.eviware.soapui.impl.wsdl.WsdlRequest@request-headers">&lt;xml-fragment/></con:setting></con:settings><con:endpoint>https://aw-lx0193:8243</con:endpoint><con:request>{
	"zipCode":"32003",
	"issuerCode":"AARP",
	"coverageType":"Self",
	"coverageStartDate":"2018-12-01"
	}
</con:request><con:originalUri>https://aw-lx0193/api/cx/acquisitionAndRenewal/buying/v1.0/quotes/search</con:originalUri><con:assertion type="Simple Contains" id="2717e762-ea76-459c-8582-e9924b1cd3b5" name="DeltaCare ® USA Plan 15B"><con:configuration><token>(?s).*DeltaCare ® USA Plan 15B.*</token><ignoreCase>false</ignoreCase><useRegEx>true</useRegEx></con:configuration></con:assertion><con:assertion type="Simple Contains" id="10dda026-6139-4c9c-bd55-464765e98875" name="PPO Plan B"><con:configuration><token>(?s).*PPO Plan B.*</token><ignoreCase>false</ignoreCase><useRegEx>true</useRegEx></con:configuration></con:assertion><con:assertion type="Simple Contains" id="10dda026-6139-4c9c-bd55-464765e98875" name="PPO Plan A"><con:configuration><token>(?s).*PPO Plan A.*</token><ignoreCase>false</ignoreCase><useRegEx>true</useRegEx></con:configuration></con:assertion><con:credentials><con:authType>No Authorization</con:authType></con:credentials><con:jmsConfig JMSDeliveryMode="PERSISTENT"/><con:jmsPropertyConfig/><con:parameters/></con:restRequest></con:config></con:testStep><con:properties/></con:testCase><con:properties/></con:testSuite><con:properties/><con:wssContainer/><con:oAuth2ProfileContainer/><con:sensitiveInformation/></con:soapui-project>