"Client Id","Client Name","Online Client Id","Login Names","Account Ids"
5005797,"ACT TELECONFERENCING SERVICES INC","actt5540","kprimak, tbelt, dcumming, pbonde, lhaulman, jbrunett, nnewson, klefevre, rlumbrer, rfresia, kcuevas, mboggs, sshade, lstarbuc, jwescoat, mbowers, jeanatho","5525811, 30022060, 40491550, 40499152, 43272550, 62257695"
5011486,"CUSTOMER 100018841","impr8996","DebGolde, JKHALL3, pmorley, Tymara, Omar, OmarH, Temp10, DMuise, JeffKal, KevinJohnson, SoniaV, KPomar, LPizzotti, SPBurke, WGopsill, apalushi, LeighAndonian","13008542"
5026820,"CUSTOMER 100037255","appi7487","KRAMER, nbrown75, mgsharpe, cpisani, simhwang, dianahal, mawilson, calkins, mlynch2, SteveBirney, BralLimited, NKamenarova, PSimonetti, Nshehzad, AnnieScarpace, LourdesSanchez, CWaygood, AviHjioannou, AgathePiederriere, MalgorzataSilna","45830360"
5030870,"CUSTOMER 100041279","ckve3841","kham, KMILLAR, eklee, chris555, julie55, LTANAFRANCA, cloneuser001, adduser001, zdxfhst","2102896, 2102897, 81325842"
5042689,"CUSTOMER 100044832","utes5528","doronr, jabruzi1, aislip, abrady, Moti, tgriffiths, kwersal, Aurbaez, jduffin, jhaywood, knilson, ahodis, Chikuo1, cmalone1, llesniak, Kjohnson14, rrivas14, mnemczuk, abarilone2, hcashmon, jtea2016","62247311"
5052607,"CUSTOMER 100047100","adco6643","Justinad, Kayad, ccorelis, etobie, sweix, zmohamed, Kevinfld, Anitaad, KLoi, chriswilliams, CWilliams661, Administrator, smody, KTjenalooi, MiLecoz, JSydnor, Kwaku, Sahancock, NiNam, JJencarnacion, JesLanao, RMcgee, CrAmes, GGraham, cfobstar, Aestolonio, epoulter, mwiedner, adduser01, cloneuser01","81325174, 81325603, 81325606, 81325851"
5100876,"CUSTOMER 200012767","noti4918","ianmilbourn, claretruscott, johnmilbourn, emmamilbourn, markcoppin, lucyevans, lorrainestewart, Lmcgowan, NFazal, eszymczak, clarkin1, ralyon","4888684, 4888685, 4888686, 4888688, 4888689, 4888690, 5182163, 7163074, 56275427"
5104176,"CUSTOMER 200013583","dued4058","justinduedil, damianduedil, test0123, HaysMac, jasdeephaysmac, grahamaccelerate, jamesduedilops, steveduedil","5689361, 7501929"
5104676,"CUSTOMER 200009937","sepi5652","lornafoy, ASHLEYCAMPBELL, MATTHEWGLASGOW","5844815"
5107936,"CUSTOMER 200014343","gree5950","paulsulyok, Callumjay, Catherineanderson, MatFreeman","6665576, 6665767, 47820939"
5119156,"CUSTOMER 200016750","pers2215","mnovick1, mrutkowski, amasih, amasih1, vprimikiris, cgeorgopoulos, mwilliams15, lfanniff, brittneyrose, NLutchman","16850957, 16850958, 16926334, 81325469, 81425023"
5119697,"CUSTOMER 200016901","ensy1102","richardharris, mattdeacon, DavidTaylor, DavidTaylor1, iancleverly, michaelkamine, Mwood1","9462085, 9462086"
5129697,"CUSTOMER 200003233","glas1390","diarmuidr, curticesmith, rickmei, emilywesterhold, trevorscotto, adamspiegel, kaziaobrien, taramcdonough, nausheenshehzad, janapahlow, kiendoan, feliciawolford, Albert1wang, nameetamujumdar, bmirkovich","22213050"
5133616,"CUSTOMER 200020172","spac7813","agarwalt, watsontom100, adbrainnoviewnomake","15241255, 81324651"
5146656,"CUSTOMER 200023738","skig5481","b12wny, skignz","13839237, 22767311, 22767313, 81431615"
5153378,"CUSTOMER 200024837","beel9487","damiandutton, joedutton","24848645"
5161377,"CUSTOMER 200030387","cogb0557","JimThompson, MartinReynard, ianmarshall, archanaagrawal, MartinReynard2015, hankbowman","37435644, 37435645"
5167510,"CUSTOMER 200036896","cube1975","christinewhitehorne, danielfox, nicholasdegnen, MARKHOOTON, andrewbeacom, kellyharvey, mikewalters, aimeegontier, jamiebisson, georginamoss, axeldaasvand, klasufs, amandaekman, bjornvedahl, joachimpaes, grahamlepage, jennisanders, charlottetee, clegalloudec, almadavey, paulstaples, tomfoxen, nickmedlen, natashathorne, rhiannonoliver, sianbrodrick, senthilUAT1","53597706"
5172193,"CUSTOMER 200041746","fmbd0533","josteinsvendsen, kyrreriksen, perelvebakk","69276304, 69276305"
5173336,"CUSTOMER 200043068","hibo2245","rzehavi, anismanbob, ravitbob, inbalhibob, schery","74296667, 81425082"
5175081,"CUSTOMER 200015168","MuranoDmy5175081","adbrain_fps","7391192, 7391426, 18998240, 18998241"
5175223,"CUSTOMER 000000047","muat8880","MuranoUser1, MuranoUser2, MuranoUser3, MuranoUser4, MuranoUser5, MuranoUser6, MuranoUser7, MuranoUser8, MuranoUser9, MuranoUser10, MuranoUser11, MuranoUser12, MuranoUser13, MuranoUser14, MuranoUser15, MuranoUser16, MuranoUser17, MuranoUser18, MuranoUser19, MuranoUser20, MuranoUser21, MuranoUser22, MuranoUser23, MuranoUser24, MuranoUser25, MuranoUser26","2102896, 2102897"