{
	"cx" : {
		"page" : {
			"commons" : {
				"Summary" : {
					"Product" : {
						"Name" : {
							"label" : ".product-name"
						}
					},
					"Plan" : {
						"Type" : {
							"label" : ".header-brand .plan-type"
						},
						"Premium" : {
							"label" : ".plan-price",
							"caption" : ".header-plan h3"
						},
						"Fee" : {
							"label" : ".header-plan #planFee"
						},
						"Title" : {
							"label" : "#planTitle"
						},
						"Description" : {
							"label" : "#planDetails"
						}
					},
					"Enrollees" : {
						"label" : ".enrollee-list h3",
						"caption" : "Enrollees",
						"Applicants" : {
							"list" : ".enrollee-list .applicant-name",
							"label" : ".applicant-name"
						},
						"Facilities" : {
							"list" : ".enrollee-list ul",
							"label" : "li p"
						}
					}
				}
			}
		}
	}
}