{
	"cx" : {
		"PennyMapper" : {
			"Approval" : {
				"regular" : {
					"VISA" : ["00", "08", "11", "16", "17", "18", "20", "22", "23", "24", "26", "27", "29", 
							  "31", "32", "34", "35", "36", "37", "38", "39", "40", "42", "44", "45", "46", 
							  "47", "48", "49", "50", "56", "59", "60", "66", "67", "69", "70", "71", "79", 
							  "85", "87", "95"],
					"MASTERCARD" : ["00", "06", "08", "11", "16", "17", "18", "20", "22", "24", "27", "29", 
									"31", "32", "34", "35", "36", "37", "38", "39", "40", "42", "44", "45", "46", 
									"47", "49", "50", "56", "59", "60", "64", "66", "67", "68", "69", "70", "71", 
									"72", "73", "74", "79", "85", "86", "87", "95", "99"],
					"AMEX" : [],
					"DISCOVER" : []
				},
				"ReverseDecline" : {
					"VISA" : [],
					"MASTERCARD" : ["23"],
					"AMEX" : [],
					"DISCOVER" : []
				},
				"ApprovalVisaSwitch" : {
					"VISA" : [],
					"MASTERCARD" : ["48"],
					"AMEX" : [],
					"DISCOVER" : []
				}
			},
			"CallAuthorizationCenter" : {
					"VISA" : ["01", "02", "03", "06", "09", "12", "25", "28", 
							  "30", "52", "53", "68", "73", "82", "84", "90", 
							  "93", "96", "97"],
					"MASTERCARD" : ["01", "02", "03", "09", "12", "25", "26", "28", 
									"30", "52", "53", "77", "82", "84", "90", "93", 
									"96", "97"],
					"AMEX" : [],
					"DISCOVER" : []
			},
			"PickUpCard" : {
					"VISA" : ["04", "07", "41", "43"],
					"MASTERCARD" : ["04", "07", "41", "43"],
					"AMEX" : [],
					"DISCOVER" : []
			},
			"Declined" : {
				"regular" : {
					"VISA" : ["05", "21", "51", "57", "62", "63", "74", 
							  "75", "77", "88", "89", "94"],
					"MASTERCARD" : ["05", "21", "51", "57", "62", "63", "65", 
									"75", "88", "89"],
					"AMEX" : [],
					"DISCOVER" : []
				},
				"PAAproval05" : {
					"VISA" : ["10"],
					"MASTERCARD" : ["10"],
					"AMEX" : [],
					"DISCOVER" : []
				},
				"CVV2" : {
					"VISA" : ["72"],
					"MASTERCARD" : [],
					"AMEX" : [],
					"DISCOVER" : []
				},
				"TransactionIdentifierZeros" : {
					"VISA" : ["98"],
					"MASTERCARD" : [],
					"AMEX" : [],
					"DISCOVER" : []
				},
				"USD99_99" : {
					"VISA" : ["99"],
					"MASTERCARD" : [],
					"AMEX" : [],
					"DISCOVER" : []
				},
				"ApprovalReverse" : {
					"VISA" : [],
					"MASTERCARD" : [],
					"AMEX" : [],
					"DISCOVER" : []
				},
				"ExpiredCard" : {
					"VISA" : ["33", "54"],
					"MASTERCARD" : ["33", "54"],
					"AMEX" : [],
					"DISCOVER" : []
				},
				"ExceedsAmountLimit" : {
					"VISA" : ["61"],
					"MASTERCARD" : ["61"],
					"AMEX" : [],
					"DISCOVER" : []
				}
			},
			"Call" : {
				"Reference" : {
					"VISA" : ["86"],
					"MASTERCARD" : [],
					"AMEX" : [],
					"DISCOVER" : []
				},
				"ReferenceTest" : {
					"VISA" : [],
					"MASTERCARD" : [],
					"AMEX" : [],
					"DISCOVER" : []
				}
			},
			"Errors" : {
				"AmountError" : {
					"VISA" : ["13"],
					"MASTERCARD" : ["13"],
					"AMEX" : [],
					"DISCOVER" : []
				},
				"DLErrorRetry" : {
					"VISA" : ["76"],
					"MASTERCARD" : [],
					"AMEX" : [],
					"DISCOVER" : []
				}
			},
			"Invalid" : {
				"Card" : {
					"VISA" : ["14", "15", "78"],
					"MASTERCARD" : ["14", "15", "78"],
					"AMEX" : [],
					"DISCOVER" : []
				},
				"RecordNotFound" : {
					"VISA" : [],
					"MASTERCARD" : ["76"],
					"AMEX" : [],
					"DISCOVER" : []
				},
				"InvalidTermIdentifier1" : {
					"VISA" : [],
					"MASTERCARD" : [],
					"AMEX" : [],
					"DISCOVER" : []
				}
			},
			"Retry" : {
				"PleaseRetry5270" : {
					"VISA" : ["19", "91", "92"],
					"MASTERCARD" : ["19", "91", "92", "94", "98"],
					"AMEX" : [],
					"DISCOVER" : []
				},
				"PleaseRetry5305" : {
					"VISA" : ["80"],
					"MASTERCARD" : ["80"],
					"AMEX" : [],
					"DISCOVER" : []
				}
			},
			"Incorrect" : {
				"Pin" : {
					"VISA" : ["55", "81", "83"],
					"MASTERCARD" : ["55", "81", "83"],
					"AMEX" : [],
					"DISCOVER" : []
				},
				"InvalidCard" : {
					"VISA" : [],
					"MASTERCARD" : [],
					"AMEX" : [],
					"DISCOVER" : []
				},
				"ServiceNotAllowed" : {
					"VISA" : ["58"],
					"MASTERCARD" : ["58"],
					"AMEX" : [],
					"DISCOVER" : []
				}
			}
		},
		"VISA" : [{
			"ExpirationDate" : "12/16",
			"Numbers" : {
				"USA" : ["4121630071281885", "4124930001898619", "4130904199999994", 
						 "4298899999999996", "4159288888888882", "4485666666666668", "4159299999999997",
						 "4160294444444449", "4123456789012349" ],
				"CANADA" : ["4029820001111111", "4032760009999999", "4257020004444444"]
			}
		}],
		"MASTERCARD" : [{
			"ExpirationDate" : "12/16",
			"Numbers" : {
				"USA" : ["5415240007992183", "5418790008991235", "5147359999999991",
						 "5153648888888880", "5463050020202002", "5413330002001197", 
						 "5136490000000009"],
				"USAPurchasing" : ["5405010000000090", "5529050000000071", "5529340000000092", 
								  "5550080000000013", "5405980000000094", "5405010000000025", 
								  "5529050000000006", "5529340000000027", "5550080000000088", 
								  "5405980000000029"],
				"CANADA" : ["5113400000000005", "5221220009999992", "5474560000000009"]
			}
		}],
		"DISCOVER" : [{
			"ExpirationDate" : "12/16",
			"Numbers" : {
				"USA" : ["6011013333333331", "6011992222222228", "6011499388888883", 
						 "6011207411111110", "3528000000000007", "3589999999999994", 
						 "6448999999999949", "6599999999999995", "36666666666660", 
						 "3855555555555559", "6221260000000000", "6240000066666667", 
						 "6282000000000006"]
			}
		}],
		"AMEX" : [{
			"ExpirationDate" : "12/16",
			"Numbers" : {
				"USA" : ["340000000000009", "370000999999990", "371111111111114"]
			}
		},
		{
			"ExpirationDate" : "",
			"Numbers" : {
				"USA" : ["370000222222228", "342345000000006", "370000888888882", 
						 "341234000000003"]
			}
		}]
	}
}