{
	"cx" : {
		"Environments" : {
			"current" : "0",
			"items" : [
			{
				"category" : "LOCAL",
				"submit" : "input[type='submit']", 
				"link" : "https://localhost:3000/enroll/", 
				"plan" : "Delta Dental USA (Test-Automation)", 
				"type" : "DHMO",
				"code" : "DHMO-code",
				"startdate" : "11/09/2016", 
				"state" : "CA", 
				"zip" : "94538", 
				"country" : "USA", 
				"fee" : "10.00", 
				"cost" : "80.00", 
				"coverage" : "Basic", 
				"planidentifier" : "70422",
				"issuercode" : "DELTA",
				"appId" : "5967817",
				"applicants" : ""
			},
			{
				"category" : "DEV-RC",
				"submit" : "input[type='submit']", 
				"link" : "https://rc-lx7999.ut.dentegra.lab:3000/enroll/", 
				"plan" : "Delta Dental USA (Test-Automation)", 
				"type" : "DHMO",
				"code" : "DHMO-code",
				"startdate" : "11/09/2016", 
				"state" : "CA", 
				"zip" : "94538", 
				"country" : "USA", 
				"fee" : "10.00", 
				"cost" : "80.00", 
				"coverage" : "Basic", 
				"planidentifier" : "70422",
				"issuercode" : "DELTA",
				"appId" : "5967817",
				"applicants" : "4"
			}, 
			{
				"category" : "MOT",
				"link" : "https://mot.deltadentalins.com/", 
				"zip" : "94538", 
				"applicants" : "1",
				"planidentifier" : "72230",
				"planidentifers" : {
					"regular" : "70422",
					"senior" : "72230"
				}
			},
			{
				"category" : "DIT-DEV",
				"link" : "https://dit3.deltadentalins.com/", 
				"zip" : "94538", 
				"applicants" : "1",
				"planidentifier" : "72230",
				"planidentifer-extra" : "70422"

			}
			]
		},
		"Data" : {
			"plan" : "Delta Dental USA (Test-Automation)", 
			"type" : "DHMO",
			"code" : "DHMO-code",
			"startdate" : "11/09/2016", 
			"state" : "CA", 
			"zip" : "94538", 
			"country" : "USA", 
			"fee" : "10.00", 
			"cost" : "80.00", 
			"coverage" : "Basic", 
			"issuercode" : "DELTA",
			"appId" : "5967817",
			"applicants" : "1",
			"planidentifier" : "70422",
			"planidentifers" : {
				"regular" : "70422",
				"senior" : "72230"
			}
		},
		"page" : {
			"EnrollData" : {
				"input" : {
					"div" : "div[id='enrollData']"
				},
				"Plan" : {
					"ZipCode" : {
						"input" : {
							"textbox" : "input[name='planZip']",
							"attribute" : "hidden"
						}
					},
					"State" : {
						"input" : {
							"textbox" : "input[name='planState']",
							"attribute" : "hidden"
						}
					},
					"Identifier" : {
						"input" : {
							"textbox" : "input[name='planId']",
							"attribute" : "hidden"
						}
					},
					"Name" : {
						"input" : {
							"textbox" : "input[name='planName']",
							"attribute" : "hidden"
						}
					},
					"Code" : {
						"input" : {
							"textbox" : "input[name='planCode']",
							"attribute" : "hidden"
						}
					},
					"Type" : {
						"input" : {
							"textbox" : "input[name='planType']",
							"attribute" : "hidden"
						}
					}
				},
				"Applicant" : {
					"Dependents" : {
						"input" : {
							"textbox" : "input[name='noOfCovered']",
							"attribute" : "hidden"
						}
					},
					"Identifier" : {
						"input" : {
							"textbox" : "input[name='appId']",
							"attribute" : "hidden"
						}
					}
				},
				"Issuer" : {
					"Code" : {
						"input" : {
							"textbox" : "input[name='issuerCode']",
							"attribute" : "hidden"
						}
					},
					"Coverage" : {
						"Type" : {
							"input" : {
								"textbox" : "input[name='coverageType']",
								"attribute" : "hidden"
							}
						},
						"StartDate" : {
							"input" : {
								"textbox" : "input[name='coverageStartDate']",
								"attribute" : "hidden"
							}
						},
						"AnnualCost" : {
							"input" : {
								"textbox" : "input[name='annualCost']",
								"attribute" : "hidden"
							}
						},
						"Fees" : {
							"input" : {
								"textbox" : "input[name='enrollmentFee']",
								"attribute" : "hidden"
							}
						}
					}
				},
				"Application" : {
					"Identifier" : {
						"input" : {
							"textbox" : "input[name='appId']",
							"attribute" : "hidden"
						}
					}
				},
				"Submit" : {
					"input" : {
						"button" : "input[type='submit']",
						"attribute" : "hidden"
					}
				}
			}, 
			"GetAQuote" : {
				"Actions" : {
					"Submit" : {
						"input" : {
							"button" : ".submit"
						}
					}
				},
				"ZipCode" : {
					"input" : {
						"textbox" : "input#zip"
					}
				},
				"NumberOfCovered" : {
					"input" : {
						"selector" : "#noOfCovered"
					}
				}
			},
			"DeltaDentalPlans" : {
				"category" : "DELTA-DENTAL-PLANS",
				"pagetitle" : ".smallMargs",
				"link" : "https://mot.deltadentalins.com/indEnroll/search/quotes", 
				"search" : {
					"applicants" : "form#searchCriteria input[name='noOfCovered']",
					"cookies" : {
						"pageId" : "form#searchCriteria input[name='pageId']"
					},
					"identifiers" : {
						"appid" : "form#searchCriteria input[name='appId']",
						"planid" : "form#searchCriteria input[name='planId']"
					},
					"type" : "form#searchCriteria input[name='coverage_type']",
					"startdate" : "form#searchCriteria input[name='eff']", 
					"county": "form#searchCriteria input[name='county']",
					"zip" : "form#searchCriteria #zz",
					"issuance" : {
						"issuer" : "form#searchCriteria input[name='issuer']",
						"code" : "form#searchCriteria input[name='issuerCode']"
					},
					"pc" : "form#searchCriteria input[name='pc']",
					"tokens" : {
						"CSRFToken" : "form#searchCriteria input[name='CSRFToken']"
					},
					"formUID" : "form#searchCriteria input[name='formUID']"
				},
				"plans" : {
					"enrollidentifiers" : ".planIdForEnroll",
					"submit" : "#planRowsBody_PLANID .planmethods #applyQuotesPage", 
					"details" : {
						"link" : "#planRowsBody_PLANID .planDetails[title='Plan Details']",
						"disclosureforcontract" : {
							"label" : "#eocDocument>b",
							"caption" : "Disclosure Form/Contract",
							"input" : {
								"button" : "#eocDocument",
								"attribute" : "onclick"
							}
						},
						"summary" : {
							"table" : ".tabContentData[summary='Summary']",
							"columns" : {
								"particluars" : ".tabContentData[summary='Summary'] td[width='45%']",
								"costs" : ".tabContentData[summary='Summary'] td[width='65%']"
							}
						},
						"enroll" : "#apply"
					},
					"compare" : "#planRowsBody_PLANID .planCompare",
					"quote" : ".mp",
					"startdate" : "#effective_date_e",
					"name" : ".planName",
					"identifier" : "#planRowsBody_PLANID .planId",
					"code" : ".planCode",
					"subsidy" : "#planRowsBody_PLANID .subsidy",
					"issuer" : "input[name='issuerCode']",
					"CSRFToken" : "input[name='CSRFToken']"
				}
			}
		}
	}
}