{
	"cx" : {
		"URLs" : {
			"current" : "0",
			"items" : [ {"submitButton" : "input[type='submit']", "link" : "http://rc-lx7999.ut.dentegra.lab:3000/enroll/"}]
		},
		"PersonalInformation" : [{ 
			"Plan" : { 
				"Summary" : {
					"Name" : "DeltaCare® USA CAA55 Individual/Family Dental Program", 
					"Type" : "DHMO",
					"Premium" : "$148.53", 
					"Fee" : "$10.00", 
					"Title" : "DeltaCare® USA CAA55 Individual/Family Dental Program", 
					"Description" : ""
				}
			},
			"Profile" : { 
				"Name" : { "First" : "Richard", "Middle": "K", "Last" : "O'Malley" },
				"Gender" : "Male",
				"SSN" : "000123456",
				"AlternateIdentifier" : "",
				"DOB" : { "Month" : "07", "Day" : "07", "Year" : "1917" }
			},
			"Contact" : {"Street" : "1111 California St", "City" : "San Francisco", "State" : "CA", "Zip" : "94108", "PhoneType" : "Cell", "Phone" : "4150000000", "Email" : "temp@les.org" },
			"MailingAddress" : {"Street" : "", "City" : "", "State" : "", "Zip" : "" },
			"GoPaperless" : "No",
			"Broker" : { "Have" : "Yes", "Number" : "1234", "Name" : "MICHAEL BADLEY" }
		}],
		"ErrorValidation" : {
			"PersonalInformation" : [{ 
				"Plan" : { "Name" : "DHMO", "Price" : "$85.00", "Fee" : "$10.00", "Title" : "TODO", "Description" : "TODO"},
				"Profile" : { 
					"Name" : { "First" : " ", "Middle": " ", "Last" : " " },
					"Gender" : " ",
					"SSN" : " ",
					"AlternateIdentifier" : "",
					"DOB" : { "Month" : " ", "Day" : " ", "Year" : " " }
				},
				"Contact" : {"Street" : " ", "City" : " ", "State" : " ", "Zip" : "0", "PhoneType" : "Cell", "Phone" : " ", "Email" : " " },
				"MailingAddress" : {"Street" : " ", "City" : " ", "State" : " ", "Zip" : " " },
				"GoPaperless" : "Yes",
				"Broker" : { "Have" : "Yes", "Number" : " ", "Name" : "MICHAEL BADLEY" }
			}]
		}
	}
}
