{
	"cx" : {
		"SelectPlan" : {
			"plan" : "Delta Dental USA (Test-Automation)", 
			"type" : "DHMO",
			"code" : "DHMO-code",
			"startdate" : "11/09/2016", 
			"state" : "CA", 
			"zip" : "94538", 
			"country" : "USA", 
			"fee" : "10.00", 
			"cost" : "80.00", 
			"coverage" : "Basic", 
			"issuercode" : "DELTA",
			"appId" : "5967817",
			"applicants" : "2",
			"planidentifier" : "70422",
			"planidentifers" : {
				"regular" : "70422",
				"senior" : "72230"
			},
			"browser" : ""
		},
		"UseCases" : [{ 
			"NoPurchaseMade" : {
				"Plan" : { 
					"Summary" : {
						"Name" : "DeltaCare® USA CAA50 Senior Dental Program", 
						"Type" : "DHMO",
						"Premium" : "$135.00", 
						"Fee" : "$10.00", 
						"Title" : "DeltaCare® USA CAA50 Senior Dental Program", 
						"Description" : ""
					},
					"NumberOfApplicants" : "2"
				},
				"Profile" : { 
					"Name" : { "First" : "Saturney", "Middle": "D", "Last" : "DanteInferno" },
					"Gender" : "Male",
					"SSN" : "887120057",
					"AlternateIdentifier" : "",
					"DOB" : { "Month" : "08", "Day" : "17", "Year" : "1970" }
				},
				"Contact" : {"Street" : "1001 Beethoven Common Unit 102", "City" : "Fremont", "State" : "CA", "Zip" : "94538", "PhoneType" : "Cell", "Phone" : "1503988226", "Email" : "lobb@ies.org" },
				"MailingAddress" : {"Street" : "", "City" : "", "State" : "", "Zip" : "" },
				"GoPaperless" : "Yes",
				"Broker" : { "Have" : "No", "Number" : "", "Name" : "" },
				"Dependents" : [{ 
						"Relationship" : "Child",
						"Name" : { "First" : "Richard", "Middle": "K", "Last" : "OMalley" },
						"Gender" : "Male",
						"DOB" : { "Month" : "07", "Day" : "07", "Year" : "2000" },
						"Index" : "1"
					}],
				"Facilities" : {
					"Identifiers" : ["DC004498", "DC046655", "DC044899"]
				},
				"Payment" : {
					"Card" : {
						"Name" : "Peter OMalley",
						"Index" : "0",
						"LocaleIndex" : "0",
						"Number" : "6011013333333331",
						"Expiration" : {
							"Month" : "12",
							"Year" : "2016"
						},
						"CCVNumber" : "808",
						"MailingAddress" : {
							"Exists" : "No",
							"Street" : "",
							"City" : "",
							"State" : "",
							"Zip" : ""
						},
						"SaveForFuture" : "No"
					},
					"AgreeToAuthorizationStatment" : "Yes",
					"DisclosureFormContract" : {
						"IsDownloadedToPDF" : "Yes",
						"IsSendByPostage" : "No"
					}
				}
			},
			"PurchaseMade" : {
				"Plan" : { 
					"Summary" : {
						"Name" : "DeltaCare® USA CAA50 Senior Dental Program", 
						"Type" : "DHMO",
						"Premium" : "$135.00", 
						"Fee" : "$10.00", 
						"Title" : "DeltaCare® USA CAA50 Senior Dental Program", 
						"Description" : ""
					},
					"NumberOfApplicants" : "2"
				},
				"Profile" : { 
					"Name" : { "First" : "Saturney", "Middle": "D", "Last" : "DanteInferno" },
					"Gender" : "Male",
					"SSN" : "887120057",
					"AlternateIdentifier" : "",
					"DOB" : { "Month" : "08", "Day" : "17", "Year" : "1970" }
				},
				"Contact" : {"Street" : "1001 Beethoven Common Unit 102", "City" : "Fremont", "State" : "CA", "Zip" : "94538", "PhoneType" : "Cell", "Phone" : "1503988226", "Email" : "lobb@ies.org" },
				"MailingAddress" : {"Street" : "", "City" : "", "State" : "", "Zip" : "" },
				"GoPaperless" : "Yes",
				"Broker" : { "Have" : "No", "Number" : "", "Name" : "" },
				"Dependents" : [{ 
						"Relationship" : "Child",
						"Name" : { "First" : "Mathilda", "Middle": "K", "Last" : "OMalley" },
						"Gender" : "Female",
						"DOB" : { "Month" : "06", "Day" : "06", "Year" : "2000" },
						"Index" : "4"
				}],
				"Facilities" : {
					"Identifiers" : ["DC044899", "DC046655", "DC004498"]
				},
				"Payment" : {
					"Card" : {
						"Name" : "Peter OMalley",
						"Index" : "0",
						"LocaleIndex" : "0",
						"Number" : "6011013333333331",
						"Expiration" : {
							"Month" : "12",
							"Year" : "2016"
						},
						"CCVNumber" : "808",
						"MailingAddress" : {
							"Exists" : "No",
							"Street" : "",
							"City" : "",
							"State" : "",
							"Zip" : ""
						},
						"SaveForFuture" : "No"
					},
					"AgreeToAuthorizationStatment" : "Yes",
					"DisclosureFormContract" : {
						"IsDownloadedToPDF" : "Yes",
						"IsSendByPostage" : "No"
					}
				},
				"Receipt" : {
					"Application" : {
						"SubmissionDate" : "October 27 2016",
						"PlanPurchased" : "DeltaCare® USA CAA50 Senior Dental Program",
						"ConfirmationNumber" : "",
						"EffectiveDate" : "12/01/2016",
						"TotalPaid" : "$150",
						"PlanSummary" : [
							{ "key" : "Deductible per calendar year per person", "value" : "$0"},
							{ "key" : "Maximum per calendar year per person", "value" : "$0"},
							{ "key" : "Office visit", "value" : "$5"},
							{ "key" : "Exams", "value" : "$0"},
							{ "key" : "X-rays", "value" : "$0"},
							{ "key" : "Cleanings", "value" : "$20"},
							{ "key" : "Fillings", "value" : "$27-$85"},
							{ "key" : "Root canals", "value" : "$180-$375"},
							{ "key" : "Gum treatment", "value" : "$45-$450"},
							{ "key" : "Extractions", "value" : "$35-$150"},
							{ "key" : "Denture repair", "value" : "$50"},
							{ "key" : "Crowns", "value" : "$325-$425"},
							{ "key" : "Orthodontics", "value" : "Not a covered benefit"}
						],
						"Applicants" : {
							"Primary" : {
								"Name" : { "First" : "Saturno", "Middle": "B", "Last" : "BlueONeille" },
								"Facility" : {
									"Organization" : "Western Dental Services Inc",
									"MailingAddress" : {"Street" : "3055 Mowry Ave", "City" : "Fremont", "State" : "CA", "Zip" : "945381613"}, 
									"Phone" : "5104949010"
								}
							},
							"Dependents" : [{
								"Name" : { "First" : "", "Middle": "", "Last" : "" },
								"Facility" : {
									"Organization" : "",
									"MailingAddress" : {"Street" : "", "City" : "", "State" : "", "Zip" : ""},
									"Phone" : ""
								}
							}]
						}
					}
				}
			}
			
		}]
	}
}
