{
	"cx" : {
		"SelectPlan" : {
			"plan" : "Delta Dental USA (Test-Automation)", 
			"type" : "DHMO",
			"code" : "DHMO-code",
			"startdate" : "11/09/2016", 
			"state" : "CA", 
			"zip" : "94105", 
			"country" : "USA", 
			"fee" : "10.00", 
			"cost" : "80.00", 
			"coverage" : "Basic", 
			"issuercode" : "DELTA",
			"appId" : "5967817",
			"applicants" : "3",
			"planidentifier" : "70422",
			"planidentifers" : {
				"regular" : "70422",
				"senior" : "72230"
			},
			"browser" : ""
		},
		"UseCases" : [{ 
			"Plan" : { 
				"Summary" : {
					"Name" : "DeltaCare® USA CAA55 Individual/Family Dental Program", 
					"Type" : "DHMO",
					"Premium" : "$191.16", 
					"Fee" : "$10.00", 
					"Title" : "DeltaCare® USA CAA55 Individual/Family Dental Program", 
					"Description" : ""
				},
				"NumberOfApplicants" : "3"
			},
			"Profile" : { 
				"Name" : { "First" : "Saturnay", "Middle": "D", "Last" : "DanteInferno" },
				"Gender" : "Male",
				"SSN" : "887120017",
				"AlternateIdentifier" : "",
				"DOB" : { "Month" : "08", "Day" : "17", "Year" : "1970" }
			},
			"Contact" : {"Street" : "1001 Beethoven Common Unit 102", "City" : "Fremont", "State" : "CA", "Zip" : "94538", "PhoneType" : "Cell", "Phone" : "1503988226", "Email" : "lobb@ies.org" },
			"MailingAddress" : {"Street" : "", "City" : "", "State" : "", "Zip" : "" },
			"GoPaperless" : "Yes",
			"Broker" : { "Have" : "No", "Number" : "", "Name" : "" },
			"Dependents" : [{ 
					"Relationship" : "Child",
					"Name" : { "First" : "Richard", "Middle": "K", "Last" : "OMalley" },
					"Gender" : "Male",
					"DOB" : { "Month" : "08", "Day" : "17", "Year" : "2006" },
					"Index" : "1"
				},{ 
					"Relationship" : "Child",
					"Name" : { "First" : "Mathilda", "Middle": "K", "Last" : "OMalley" },
					"Gender" : "Female",
					"DOB" : { "Month" : "08", "Day" : "08", "Year" : "2006" },
					"Index" : "2"
				}]
		}]
	}
}
